ISO-10303-21;
HEADER;
/* Generated by software containing ST-Developer
 * from STEP Tools, Inc. (www.steptools.com) 
 */

FILE_DESCRIPTION(
/* description */ (''),
/* implementation_level */ '2;1');

FILE_NAME(
/* name */ 'platform.step',
/* time_stamp */ '2026-07-30T17:32:56-04:00',
/* author */ (''),
/* organization */ (''),
/* preprocessor_version */ 'ST-DEVELOPER v20.1',
/* originating_system */ 'Autodesk Translation Framework v15.8.0.0',
/* authorisation */ '');

FILE_SCHEMA (('AUTOMOTIVE_DESIGN { 1 0 10303 214 3 1 1 }'));
ENDSEC;

DATA;
#10=MECHANICAL_DESIGN_GEOMETRIC_PRESENTATION_REPRESENTATION('',(#13),#1878);
#11=SHAPE_REPRESENTATION_RELATIONSHIP('SRR','None',#1888,#12);
#12=ADVANCED_BREP_SHAPE_REPRESENTATION('',(#14),#1877);
#13=STYLED_ITEM('',(#1898),#14);
#14=MANIFOLD_SOLID_BREP('Body1',#926);
#15=FACE_BOUND('',#163,.T.);
#16=FACE_BOUND('',#165,.T.);
#17=FACE_BOUND('',#167,.T.);
#18=FACE_BOUND('',#169,.T.);
#19=FACE_BOUND('',#185,.T.);
#20=FACE_BOUND('',#187,.T.);
#21=FACE_BOUND('',#189,.T.);
#22=FACE_BOUND('',#191,.T.);
#23=FACE_BOUND('',#206,.T.);
#24=FACE_BOUND('',#208,.T.);
#25=FACE_BOUND('',#210,.T.);
#26=FACE_BOUND('',#212,.T.);
#27=B_SPLINE_CURVE_WITH_KNOTS('',3,(#1367,#1368,#1369,#1370,#1371,#1372,
#1373,#1374,#1375),.UNSPECIFIED.,.F.,.F.,(4,1,1,1,1,1,4),(0.,0.285714285714286,
0.571428571428571,0.714285714285714,0.857142857142857,0.928571428571429,
1.),.UNSPECIFIED.);
#28=B_SPLINE_CURVE_WITH_KNOTS('',3,(#1376,#1377,#1378,#1379,#1380,#1381,
#1382,#1383,#1384),.UNSPECIFIED.,.F.,.F.,(4,1,1,1,1,1,4),(0.,0.285714285714286,
0.571428571428571,0.714285714285714,0.857142857142857,0.928571428571429,
1.),.UNSPECIFIED.);
#29=B_SPLINE_CURVE_WITH_KNOTS('',3,(#1428,#1429,#1430,#1431,#1432,#1433,
#1434,#1435,#1436,#1437),.UNSPECIFIED.,.F.,.F.,(4,1,1,1,1,1,1,4),(0.,0.142857142857143,
0.285714285714286,0.571428571428571,0.714285714285714,0.857142857142857,
0.928571428571429,1.),.UNSPECIFIED.);
#30=B_SPLINE_CURVE_WITH_KNOTS('',3,(#1438,#1439,#1440,#1441,#1442,#1443,
#1444,#1445,#1446,#1447),.UNSPECIFIED.,.F.,.F.,(4,1,1,1,1,1,1,4),(0.,0.142857142857143,
0.285714285714286,0.571428571428571,0.714285714285714,0.857142857142857,
0.928571428571429,1.),.UNSPECIFIED.);
#31=B_SPLINE_CURVE_WITH_KNOTS('',3,(#1516,#1517,#1518,#1519,#1520,#1521,
#1522,#1523,#1524,#1525),.UNSPECIFIED.,.F.,.F.,(4,1,1,1,1,1,1,4),(0.,0.142857142857143,
0.285714285714286,0.571428571428571,0.714285714285714,0.857142857142857,
0.928571428571429,1.),.UNSPECIFIED.);
#32=B_SPLINE_CURVE_WITH_KNOTS('',3,(#1530,#1531,#1532,#1533,#1534,#1535,
#1536,#1537,#1538),.UNSPECIFIED.,.F.,.F.,(4,1,1,1,1,1,4),(0.,0.285714285714286,
0.571428571428571,0.714285714285714,0.857142857142857,0.928571428571429,
1.),.UNSPECIFIED.);
#33=B_SPLINE_CURVE_WITH_KNOTS('',3,(#1598,#1599,#1600,#1601,#1602,#1603,
#1604,#1605,#1606),.UNSPECIFIED.,.F.,.F.,(4,1,1,1,1,1,4),(0.,0.285714285714286,
0.571428571428571,0.714285714285714,0.857142857142857,0.928571428571429,
1.),.UNSPECIFIED.);
#34=B_SPLINE_CURVE_WITH_KNOTS('',3,(#1649,#1650,#1651,#1652,#1653,#1654,
#1655,#1656,#1657,#1658),.UNSPECIFIED.,.F.,.F.,(4,1,1,1,1,1,1,4),(0.,0.142857142857143,
0.285714285714286,0.571428571428571,0.714285714285714,0.857142857142857,
0.928571428571429,1.),.UNSPECIFIED.);
#35=B_SPLINE_CURVE_WITH_KNOTS('',3,(#1704,#1705,#1706,#1707,#1708,#1709,
#1710,#1711,#1712,#1713),.UNSPECIFIED.,.F.,.F.,(4,1,1,1,1,1,1,4),(0.,0.142857142857143,
0.285714285714286,0.571428571428571,0.714285714285714,0.857142857142857,
0.928571428571429,1.),.UNSPECIFIED.);
#36=B_SPLINE_CURVE_WITH_KNOTS('',3,(#1716,#1717,#1718,#1719,#1720,#1721,
#1722,#1723,#1724),.UNSPECIFIED.,.F.,.F.,(4,1,1,1,1,1,4),(0.,0.285714285714286,
0.571428571428571,0.714285714285714,0.857142857142857,0.928571428571429,
1.),.UNSPECIFIED.);
#37=B_SPLINE_CURVE_WITH_KNOTS('',3,(#1784,#1785,#1786,#1787,#1788,#1789,
#1790,#1791,#1792),.UNSPECIFIED.,.F.,.F.,(4,1,1,1,1,1,4),(0.,0.285714285714286,
0.571428571428571,0.714285714285714,0.857142857142857,0.928571428571429,
1.),.UNSPECIFIED.);
#38=B_SPLINE_CURVE_WITH_KNOTS('',3,(#1835,#1836,#1837,#1838,#1839,#1840,
#1841,#1842,#1843,#1844),.UNSPECIFIED.,.F.,.F.,(4,1,1,1,1,1,1,4),(0.,0.142857142857143,
0.285714285714286,0.571428571428571,0.714285714285714,0.857142857142857,
0.928571428571429,1.),.UNSPECIFIED.);
#39=B_SPLINE_SURFACE_WITH_KNOTS('',3,3,((#1328,#1329,#1330,#1331,#1332,
#1333,#1334,#1335,#1336),(#1337,#1338,#1339,#1340,#1341,#1342,#1343,#1344,
#1345),(#1346,#1347,#1348,#1349,#1350,#1351,#1352,#1353,#1354),(#1355,#1356,
#1357,#1358,#1359,#1360,#1361,#1362,#1363)),.UNSPECIFIED.,.F.,.F.,.F.,(4,
4),(4,1,1,1,1,1,4),(-1.016,0.),(0.,0.285714285714286,0.571428571428571,
0.714285714285714,0.857142857142857,0.928571428571429,1.),.UNSPECIFIED.);
#40=B_SPLINE_SURFACE_WITH_KNOTS('',3,3,((#1385,#1386,#1387,#1388,#1389,
#1390,#1391,#1392,#1393,#1394),(#1395,#1396,#1397,#1398,#1399,#1400,#1401,
#1402,#1403,#1404),(#1405,#1406,#1407,#1408,#1409,#1410,#1411,#1412,#1413,
#1414),(#1415,#1416,#1417,#1418,#1419,#1420,#1421,#1422,#1423,#1424)),
 .UNSPECIFIED.,.F.,.F.,.F.,(4,4),(4,1,1,1,1,1,1,4),(-1.016,0.),(0.,0.142857142857143,
0.285714285714286,0.571428571428571,0.714285714285714,0.857142857142857,
0.928571428571429,1.),.UNSPECIFIED.);
#41=B_SPLINE_SURFACE_WITH_KNOTS('',3,3,((#1562,#1563,#1564,#1565,#1566,
#1567,#1568,#1569,#1570),(#1571,#1572,#1573,#1574,#1575,#1576,#1577,#1578,
#1579),(#1580,#1581,#1582,#1583,#1584,#1585,#1586,#1587,#1588),(#1589,#1590,
#1591,#1592,#1593,#1594,#1595,#1596,#1597)),.UNSPECIFIED.,.F.,.F.,.F.,(4,
4),(4,1,1,1,1,1,4),(-1.016,0.),(0.,0.285714285714286,0.571428571428571,
0.714285714285714,0.857142857142857,0.928571428571429,1.),.UNSPECIFIED.);
#42=B_SPLINE_SURFACE_WITH_KNOTS('',3,3,((#1607,#1608,#1609,#1610,#1611,
#1612,#1613,#1614,#1615,#1616),(#1617,#1618,#1619,#1620,#1621,#1622,#1623,
#1624,#1625,#1626),(#1627,#1628,#1629,#1630,#1631,#1632,#1633,#1634,#1635,
#1636),(#1637,#1638,#1639,#1640,#1641,#1642,#1643,#1644,#1645,#1646)),
 .UNSPECIFIED.,.F.,.F.,.F.,(4,4),(4,1,1,1,1,1,1,4),(-1.016,0.),(0.,0.142857142857143,
0.285714285714286,0.571428571428571,0.714285714285714,0.857142857142857,
0.928571428571429,1.),.UNSPECIFIED.);
#43=B_SPLINE_SURFACE_WITH_KNOTS('',3,3,((#1748,#1749,#1750,#1751,#1752,
#1753,#1754,#1755,#1756),(#1757,#1758,#1759,#1760,#1761,#1762,#1763,#1764,
#1765),(#1766,#1767,#1768,#1769,#1770,#1771,#1772,#1773,#1774),(#1775,#1776,
#1777,#1778,#1779,#1780,#1781,#1782,#1783)),.UNSPECIFIED.,.F.,.F.,.F.,(4,
4),(4,1,1,1,1,1,4),(-1.016,0.),(0.,0.285714285714286,0.571428571428571,
0.714285714285714,0.857142857142857,0.928571428571429,1.),.UNSPECIFIED.);
#44=B_SPLINE_SURFACE_WITH_KNOTS('',3,3,((#1793,#1794,#1795,#1796,#1797,
#1798,#1799,#1800,#1801,#1802),(#1803,#1804,#1805,#1806,#1807,#1808,#1809,
#1810,#1811,#1812),(#1813,#1814,#1815,#1816,#1817,#1818,#1819,#1820,#1821,
#1822),(#1823,#1824,#1825,#1826,#1827,#1828,#1829,#1830,#1831,#1832)),
 .UNSPECIFIED.,.F.,.F.,.F.,(4,4),(4,1,1,1,1,1,1,4),(-1.016,0.),(0.,0.142857142857143,
0.285714285714286,0.571428571428571,0.714285714285714,0.857142857142857,
0.928571428571429,1.),.UNSPECIFIED.);
#45=CIRCLE('',#942,0.25);
#46=CIRCLE('',#943,0.25);
#47=CIRCLE('',#945,0.325);
#48=CIRCLE('',#947,0.325);
#49=CIRCLE('',#949,0.2);
#50=CIRCLE('',#951,0.325);
#51=CIRCLE('',#953,0.325);
#52=CIRCLE('',#955,0.2);
#53=CIRCLE('',#956,0.2);
#54=CIRCLE('',#957,0.2);
#55=CIRCLE('',#960,0.325);
#56=CIRCLE('',#962,0.325);
#57=CIRCLE('',#965,0.625);
#58=CIRCLE('',#966,0.625);
#59=CIRCLE('',#968,0.625);
#60=CIRCLE('',#969,0.625);
#61=CIRCLE('',#972,0.25);
#62=CIRCLE('',#973,0.25);
#63=CIRCLE('',#976,0.325);
#64=CIRCLE('',#978,0.325);
#65=CIRCLE('',#980,0.2);
#66=CIRCLE('',#982,0.325);
#67=CIRCLE('',#984,0.325);
#68=CIRCLE('',#987,0.2);
#69=CIRCLE('',#988,0.2);
#70=CIRCLE('',#989,0.2);
#71=CIRCLE('',#992,0.325);
#72=CIRCLE('',#994,0.325);
#73=CIRCLE('',#997,0.625);
#74=CIRCLE('',#1000,0.25);
#75=CIRCLE('',#1001,0.25);
#76=CIRCLE('',#1004,0.325);
#77=CIRCLE('',#1006,0.325);
#78=CIRCLE('',#1008,0.2);
#79=CIRCLE('',#1010,0.325);
#80=CIRCLE('',#1012,0.325);
#81=CIRCLE('',#1015,0.2);
#82=CIRCLE('',#1016,0.2);
#83=CIRCLE('',#1017,0.2);
#84=CIRCLE('',#1020,0.325);
#85=CIRCLE('',#1022,0.325);
#86=CIRCLE('',#1025,0.625);
#87=CYLINDRICAL_SURFACE('',#941,0.25);
#88=CYLINDRICAL_SURFACE('',#954,0.2);
#89=CYLINDRICAL_SURFACE('',#961,0.325);
#90=CYLINDRICAL_SURFACE('',#964,0.625);
#91=CYLINDRICAL_SURFACE('',#971,0.25);
#92=CYLINDRICAL_SURFACE('',#986,0.2);
#93=CYLINDRICAL_SURFACE('',#993,0.325);
#94=CYLINDRICAL_SURFACE('',#996,0.625);
#95=CYLINDRICAL_SURFACE('',#999,0.25);
#96=CYLINDRICAL_SURFACE('',#1014,0.2);
#97=CYLINDRICAL_SURFACE('',#1021,0.325);
#98=CYLINDRICAL_SURFACE('',#1024,0.625);
#99=FACE_OUTER_BOUND('',#152,.T.);
#100=FACE_OUTER_BOUND('',#153,.T.);
#101=FACE_OUTER_BOUND('',#154,.T.);
#102=FACE_OUTER_BOUND('',#155,.T.);
#103=FACE_OUTER_BOUND('',#156,.T.);
#104=FACE_OUTER_BOUND('',#157,.T.);
#105=FACE_OUTER_BOUND('',#158,.T.);
#106=FACE_OUTER_BOUND('',#159,.T.);
#107=FACE_OUTER_BOUND('',#160,.T.);
#108=FACE_OUTER_BOUND('',#161,.T.);
#109=FACE_OUTER_BOUND('',#162,.T.);
#110=FACE_OUTER_BOUND('',#164,.T.);
#111=FACE_OUTER_BOUND('',#166,.T.);
#112=FACE_OUTER_BOUND('',#168,.T.);
#113=FACE_OUTER_BOUND('',#170,.T.);
#114=FACE_OUTER_BOUND('',#171,.T.);
#115=FACE_OUTER_BOUND('',#172,.T.);
#116=FACE_OUTER_BOUND('',#173,.T.);
#117=FACE_OUTER_BOUND('',#174,.T.);
#118=FACE_OUTER_BOUND('',#175,.T.);
#119=FACE_OUTER_BOUND('',#176,.T.);
#120=FACE_OUTER_BOUND('',#177,.T.);
#121=FACE_OUTER_BOUND('',#178,.T.);
#122=FACE_OUTER_BOUND('',#179,.T.);
#123=FACE_OUTER_BOUND('',#180,.T.);
#124=FACE_OUTER_BOUND('',#181,.T.);
#125=FACE_OUTER_BOUND('',#182,.T.);
#126=FACE_OUTER_BOUND('',#183,.T.);
#127=FACE_OUTER_BOUND('',#184,.T.);
#128=FACE_OUTER_BOUND('',#186,.T.);
#129=FACE_OUTER_BOUND('',#188,.T.);
#130=FACE_OUTER_BOUND('',#190,.T.);
#131=FACE_OUTER_BOUND('',#192,.T.);
#132=FACE_OUTER_BOUND('',#193,.T.);
#133=FACE_OUTER_BOUND('',#194,.T.);
#134=FACE_OUTER_BOUND('',#195,.T.);
#135=FACE_OUTER_BOUND('',#196,.T.);
#136=FACE_OUTER_BOUND('',#197,.T.);
#137=FACE_OUTER_BOUND('',#198,.T.);
#138=FACE_OUTER_BOUND('',#199,.T.);
#139=FACE_OUTER_BOUND('',#200,.T.);
#140=FACE_OUTER_BOUND('',#201,.T.);
#141=FACE_OUTER_BOUND('',#202,.T.);
#142=FACE_OUTER_BOUND('',#203,.T.);
#143=FACE_OUTER_BOUND('',#204,.T.);
#144=FACE_OUTER_BOUND('',#205,.T.);
#145=FACE_OUTER_BOUND('',#207,.T.);
#146=FACE_OUTER_BOUND('',#209,.T.);
#147=FACE_OUTER_BOUND('',#211,.T.);
#148=FACE_OUTER_BOUND('',#213,.T.);
#149=FACE_OUTER_BOUND('',#214,.T.);
#150=FACE_OUTER_BOUND('',#215,.T.);
#151=FACE_OUTER_BOUND('',#216,.T.);
#152=EDGE_LOOP('',(#580,#581,#582,#583));
#153=EDGE_LOOP('',(#584,#585,#586,#587));
#154=EDGE_LOOP('',(#588,#589,#590));
#155=EDGE_LOOP('',(#591,#592,#593));
#156=EDGE_LOOP('',(#594,#595));
#157=EDGE_LOOP('',(#596,#597,#598));
#158=EDGE_LOOP('',(#599,#600,#601));
#159=EDGE_LOOP('',(#602,#603,#604,#605,#606));
#160=EDGE_LOOP('',(#607,#608,#609,#610,#611));
#161=EDGE_LOOP('',(#612,#613,#614,#615,#616,#617,#618,#619));
#162=EDGE_LOOP('',(#620));
#163=EDGE_LOOP('',(#621,#622,#623));
#164=EDGE_LOOP('',(#624));
#165=EDGE_LOOP('',(#625));
#166=EDGE_LOOP('',(#626,#627,#628,#629));
#167=EDGE_LOOP('',(#630,#631,#632,#633,#634,#635));
#168=EDGE_LOOP('',(#636));
#169=EDGE_LOOP('',(#637));
#170=EDGE_LOOP('',(#638,#639,#640,#641));
#171=EDGE_LOOP('',(#642,#643,#644,#645,#646,#647,#648,#649,#650,#651,#652,
#653));
#172=EDGE_LOOP('',(#654,#655,#656,#657));
#173=EDGE_LOOP('',(#658,#659,#660,#661));
#174=EDGE_LOOP('',(#662,#663,#664,#665,#666,#667,#668,#669));
#175=EDGE_LOOP('',(#670,#671,#672));
#176=EDGE_LOOP('',(#673,#674,#675));
#177=EDGE_LOOP('',(#676,#677));
#178=EDGE_LOOP('',(#678,#679,#680));
#179=EDGE_LOOP('',(#681,#682,#683));
#180=EDGE_LOOP('',(#684,#685,#686,#687,#688));
#181=EDGE_LOOP('',(#689,#690,#691,#692,#693));
#182=EDGE_LOOP('',(#694,#695,#696,#697,#698,#699,#700,#701));
#183=EDGE_LOOP('',(#702,#703,#704,#705,#706,#707,#708,#709));
#184=EDGE_LOOP('',(#710));
#185=EDGE_LOOP('',(#711,#712,#713));
#186=EDGE_LOOP('',(#714));
#187=EDGE_LOOP('',(#715));
#188=EDGE_LOOP('',(#716,#717,#718,#719));
#189=EDGE_LOOP('',(#720,#721,#722,#723,#724,#725));
#190=EDGE_LOOP('',(#726));
#191=EDGE_LOOP('',(#727));
#192=EDGE_LOOP('',(#728,#729,#730,#731));
#193=EDGE_LOOP('',(#732,#733,#734,#735));
#194=EDGE_LOOP('',(#736,#737,#738,#739));
#195=EDGE_LOOP('',(#740,#741,#742,#743,#744,#745,#746,#747));
#196=EDGE_LOOP('',(#748,#749,#750));
#197=EDGE_LOOP('',(#751,#752,#753));
#198=EDGE_LOOP('',(#754,#755));
#199=EDGE_LOOP('',(#756,#757,#758));
#200=EDGE_LOOP('',(#759,#760,#761));
#201=EDGE_LOOP('',(#762,#763,#764,#765,#766));
#202=EDGE_LOOP('',(#767,#768,#769,#770,#771));
#203=EDGE_LOOP('',(#772,#773,#774,#775,#776,#777,#778,#779));
#204=EDGE_LOOP('',(#780,#781,#782,#783,#784,#785,#786,#787));
#205=EDGE_LOOP('',(#788));
#206=EDGE_LOOP('',(#789,#790,#791));
#207=EDGE_LOOP('',(#792));
#208=EDGE_LOOP('',(#793));
#209=EDGE_LOOP('',(#794,#795,#796,#797));
#210=EDGE_LOOP('',(#798,#799,#800,#801,#802,#803));
#211=EDGE_LOOP('',(#804));
#212=EDGE_LOOP('',(#805));
#213=EDGE_LOOP('',(#806,#807,#808,#809));
#214=EDGE_LOOP('',(#810,#811,#812,#813,#814,#815,#816,#817,#818,#819,#820,
#821));
#215=EDGE_LOOP('',(#822,#823,#824,#825,#826,#827,#828,#829));
#216=EDGE_LOOP('',(#830,#831,#832,#833,#834,#835,#836,#837));
#217=LINE('',#1288,#292);
#218=LINE('',#1290,#293);
#219=LINE('',#1292,#294);
#220=LINE('',#1293,#295);
#221=LINE('',#1298,#296);
#222=LINE('',#1305,#297);
#223=LINE('',#1306,#298);
#224=LINE('',#1312,#299);
#225=LINE('',#1313,#300);
#226=LINE('',#1320,#301);
#227=LINE('',#1321,#302);
#228=LINE('',#1326,#303);
#229=LINE('',#1327,#304);
#230=LINE('',#1366,#305);
#231=LINE('',#1427,#306);
#232=LINE('',#1452,#307);
#233=LINE('',#1462,#308);
#234=LINE('',#1463,#309);
#235=LINE('',#1464,#310);
#236=LINE('',#1469,#311);
#237=LINE('',#1473,#312);
#238=LINE('',#1478,#313);
#239=LINE('',#1480,#314);
#240=LINE('',#1483,#315);
#241=LINE('',#1485,#316);
#242=LINE('',#1489,#317);
#243=LINE('',#1491,#318);
#244=LINE('',#1492,#319);
#245=LINE('',#1493,#320);
#246=LINE('',#1497,#321);
#247=LINE('',#1499,#322);
#248=LINE('',#1501,#323);
#249=LINE('',#1502,#324);
#250=LINE('',#1507,#325);
#251=LINE('',#1512,#326);
#252=LINE('',#1514,#327);
#253=LINE('',#1527,#328);
#254=LINE('',#1528,#329);
#255=LINE('',#1539,#330);
#256=LINE('',#1545,#331);
#257=LINE('',#1546,#332);
#258=LINE('',#1552,#333);
#259=LINE('',#1553,#334);
#260=LINE('',#1558,#335);
#261=LINE('',#1561,#336);
#262=LINE('',#1648,#337);
#263=LINE('',#1660,#338);
#264=LINE('',#1661,#339);
#265=LINE('',#1666,#340);
#266=LINE('',#1676,#341);
#267=LINE('',#1681,#342);
#268=LINE('',#1685,#343);
#269=LINE('',#1687,#344);
#270=LINE('',#1689,#345);
#271=LINE('',#1690,#346);
#272=LINE('',#1695,#347);
#273=LINE('',#1700,#348);
#274=LINE('',#1702,#349);
#275=LINE('',#1714,#350);
#276=LINE('',#1725,#351);
#277=LINE('',#1731,#352);
#278=LINE('',#1732,#353);
#279=LINE('',#1738,#354);
#280=LINE('',#1739,#355);
#281=LINE('',#1744,#356);
#282=LINE('',#1747,#357);
#283=LINE('',#1834,#358);
#284=LINE('',#1846,#359);
#285=LINE('',#1848,#360);
#286=LINE('',#1849,#361);
#287=LINE('',#1854,#362);
#288=LINE('',#1864,#363);
#289=LINE('',#1868,#364);
#290=LINE('',#1871,#365);
#291=LINE('',#1872,#366);
#292=VECTOR('',#1033,0.393700787401575);
#293=VECTOR('',#1034,0.393700787401575);
#294=VECTOR('',#1035,0.393700787401575);
#295=VECTOR('',#1036,0.393700787401575);
#296=VECTOR('',#1041,0.25);
#297=VECTOR('',#1048,0.393700787401575);
#298=VECTOR('',#1049,0.393700787401575);
#299=VECTOR('',#1054,0.393700787401575);
#300=VECTOR('',#1055,0.393700787401575);
#301=VECTOR('',#1064,0.393700787401575);
#302=VECTOR('',#1065,0.393700787401575);
#303=VECTOR('',#1070,0.393700787401575);
#304=VECTOR('',#1071,0.393700787401575);
#305=VECTOR('',#1072,0.393700787401575);
#306=VECTOR('',#1073,0.393700787401575);
#307=VECTOR('',#1078,0.2);
#308=VECTOR('',#1093,0.325);
#309=VECTOR('',#1094,0.393700787401575);
#310=VECTOR('',#1095,0.393700787401575);
#311=VECTOR('',#1100,0.393700787401575);
#312=VECTOR('',#1103,0.393700787401575);
#313=VECTOR('',#1108,0.393700787401575);
#314=VECTOR('',#1109,0.393700787401575);
#315=VECTOR('',#1112,0.393700787401575);
#316=VECTOR('',#1113,0.393700787401575);
#317=VECTOR('',#1116,0.393700787401575);
#318=VECTOR('',#1117,0.393700787401575);
#319=VECTOR('',#1118,0.393700787401575);
#320=VECTOR('',#1119,0.393700787401575);
#321=VECTOR('',#1122,0.393700787401575);
#322=VECTOR('',#1123,0.393700787401575);
#323=VECTOR('',#1124,0.393700787401575);
#324=VECTOR('',#1125,0.393700787401575);
#325=VECTOR('',#1130,0.25);
#326=VECTOR('',#1135,0.393700787401575);
#327=VECTOR('',#1136,0.393700787401575);
#328=VECTOR('',#1137,0.393700787401575);
#329=VECTOR('',#1138,0.393700787401575);
#330=VECTOR('',#1139,0.393700787401575);
#331=VECTOR('',#1144,0.393700787401575);
#332=VECTOR('',#1145,0.393700787401575);
#333=VECTOR('',#1150,0.393700787401575);
#334=VECTOR('',#1151,0.393700787401575);
#335=VECTOR('',#1160,0.393700787401575);
#336=VECTOR('',#1165,0.393700787401575);
#337=VECTOR('',#1166,0.393700787401575);
#338=VECTOR('',#1169,0.393700787401575);
#339=VECTOR('',#1170,0.393700787401575);
#340=VECTOR('',#1175,0.2);
#341=VECTOR('',#1190,0.325);
#342=VECTOR('',#1197,0.393700787401575);
#343=VECTOR('',#1200,0.393700787401575);
#344=VECTOR('',#1201,0.393700787401575);
#345=VECTOR('',#1202,0.393700787401575);
#346=VECTOR('',#1203,0.393700787401575);
#347=VECTOR('',#1208,0.25);
#348=VECTOR('',#1213,0.393700787401575);
#349=VECTOR('',#1214,0.393700787401575);
#350=VECTOR('',#1215,0.393700787401575);
#351=VECTOR('',#1216,0.393700787401575);
#352=VECTOR('',#1221,0.393700787401575);
#353=VECTOR('',#1222,0.393700787401575);
#354=VECTOR('',#1227,0.393700787401575);
#355=VECTOR('',#1228,0.393700787401575);
#356=VECTOR('',#1237,0.393700787401575);
#357=VECTOR('',#1242,0.393700787401575);
#358=VECTOR('',#1243,0.393700787401575);
#359=VECTOR('',#1246,0.393700787401575);
#360=VECTOR('',#1247,0.393700787401575);
#361=VECTOR('',#1248,0.393700787401575);
#362=VECTOR('',#1253,0.2);
#363=VECTOR('',#1268,0.325);
#364=VECTOR('',#1273,0.393700787401575);
#365=VECTOR('',#1278,0.393700787401575);
#366=VECTOR('',#1279,0.393700787401575);
#367=VERTEX_POINT('',#1286);
#368=VERTEX_POINT('',#1287);
#369=VERTEX_POINT('',#1289);
#370=VERTEX_POINT('',#1291);
#371=VERTEX_POINT('',#1295);
#372=VERTEX_POINT('',#1297);
#373=VERTEX_POINT('',#1301);
#374=VERTEX_POINT('',#1302);
#375=VERTEX_POINT('',#1304);
#376=VERTEX_POINT('',#1308);
#377=VERTEX_POINT('',#1309);
#378=VERTEX_POINT('',#1311);
#379=VERTEX_POINT('',#1317);
#380=VERTEX_POINT('',#1319);
#381=VERTEX_POINT('',#1323);
#382=VERTEX_POINT('',#1325);
#383=VERTEX_POINT('',#1364);
#384=VERTEX_POINT('',#1365);
#385=VERTEX_POINT('',#1425);
#386=VERTEX_POINT('',#1426);
#387=VERTEX_POINT('',#1449);
#388=VERTEX_POINT('',#1451);
#389=VERTEX_POINT('',#1457);
#390=VERTEX_POINT('',#1460);
#391=VERTEX_POINT('',#1467);
#392=VERTEX_POINT('',#1468);
#393=VERTEX_POINT('',#1470);
#394=VERTEX_POINT('',#1472);
#395=VERTEX_POINT('',#1476);
#396=VERTEX_POINT('',#1477);
#397=VERTEX_POINT('',#1479);
#398=VERTEX_POINT('',#1481);
#399=VERTEX_POINT('',#1484);
#400=VERTEX_POINT('',#1486);
#401=VERTEX_POINT('',#1488);
#402=VERTEX_POINT('',#1490);
#403=VERTEX_POINT('',#1495);
#404=VERTEX_POINT('',#1496);
#405=VERTEX_POINT('',#1498);
#406=VERTEX_POINT('',#1500);
#407=VERTEX_POINT('',#1504);
#408=VERTEX_POINT('',#1506);
#409=VERTEX_POINT('',#1510);
#410=VERTEX_POINT('',#1511);
#411=VERTEX_POINT('',#1513);
#412=VERTEX_POINT('',#1515);
#413=VERTEX_POINT('',#1526);
#414=VERTEX_POINT('',#1529);
#415=VERTEX_POINT('',#1541);
#416=VERTEX_POINT('',#1542);
#417=VERTEX_POINT('',#1544);
#418=VERTEX_POINT('',#1548);
#419=VERTEX_POINT('',#1549);
#420=VERTEX_POINT('',#1551);
#421=VERTEX_POINT('',#1647);
#422=VERTEX_POINT('',#1663);
#423=VERTEX_POINT('',#1665);
#424=VERTEX_POINT('',#1671);
#425=VERTEX_POINT('',#1674);
#426=VERTEX_POINT('',#1679);
#427=VERTEX_POINT('',#1683);
#428=VERTEX_POINT('',#1684);
#429=VERTEX_POINT('',#1686);
#430=VERTEX_POINT('',#1688);
#431=VERTEX_POINT('',#1692);
#432=VERTEX_POINT('',#1694);
#433=VERTEX_POINT('',#1698);
#434=VERTEX_POINT('',#1699);
#435=VERTEX_POINT('',#1701);
#436=VERTEX_POINT('',#1703);
#437=VERTEX_POINT('',#1715);
#438=VERTEX_POINT('',#1727);
#439=VERTEX_POINT('',#1728);
#440=VERTEX_POINT('',#1730);
#441=VERTEX_POINT('',#1734);
#442=VERTEX_POINT('',#1735);
#443=VERTEX_POINT('',#1737);
#444=VERTEX_POINT('',#1833);
#445=VERTEX_POINT('',#1847);
#446=VERTEX_POINT('',#1851);
#447=VERTEX_POINT('',#1853);
#448=VERTEX_POINT('',#1859);
#449=VERTEX_POINT('',#1862);
#450=VERTEX_POINT('',#1867);
#451=EDGE_CURVE('',#367,#368,#217,.T.);
#452=EDGE_CURVE('',#369,#368,#218,.T.);
#453=EDGE_CURVE('',#369,#370,#219,.T.);
#454=EDGE_CURVE('',#367,#370,#220,.T.);
#455=EDGE_CURVE('',#371,#371,#45,.T.);
#456=EDGE_CURVE('',#371,#372,#221,.T.);
#457=EDGE_CURVE('',#372,#372,#46,.T.);
#458=EDGE_CURVE('',#373,#374,#47,.T.);
#459=EDGE_CURVE('',#373,#375,#222,.T.);
#460=EDGE_CURVE('',#375,#374,#223,.T.);
#461=EDGE_CURVE('',#376,#377,#48,.T.);
#462=EDGE_CURVE('',#378,#376,#224,.T.);
#463=EDGE_CURVE('',#378,#377,#225,.T.);
#464=EDGE_CURVE('',#370,#369,#49,.T.);
#465=EDGE_CURVE('',#377,#379,#50,.T.);
#466=EDGE_CURVE('',#377,#380,#226,.T.);
#467=EDGE_CURVE('',#380,#379,#227,.T.);
#468=EDGE_CURVE('',#381,#373,#51,.T.);
#469=EDGE_CURVE('',#382,#381,#228,.T.);
#470=EDGE_CURVE('',#382,#373,#229,.T.);
#471=EDGE_CURVE('',#383,#384,#230,.T.);
#472=EDGE_CURVE('',#383,#375,#27,.T.);
#473=EDGE_CURVE('',#384,#382,#28,.T.);
#474=EDGE_CURVE('',#385,#386,#231,.T.);
#475=EDGE_CURVE('',#385,#380,#29,.T.);
#476=EDGE_CURVE('',#386,#378,#30,.T.);
#477=EDGE_CURVE('',#387,#387,#52,.T.);
#478=EDGE_CURVE('',#387,#388,#232,.T.);
#479=EDGE_CURVE('',#388,#367,#53,.T.);
#480=EDGE_CURVE('',#368,#388,#54,.T.);
#481=EDGE_CURVE('',#389,#389,#55,.T.);
#482=EDGE_CURVE('',#390,#390,#56,.T.);
#483=EDGE_CURVE('',#390,#389,#233,.T.);
#484=EDGE_CURVE('',#379,#381,#234,.T.);
#485=EDGE_CURVE('',#374,#376,#235,.T.);
#486=EDGE_CURVE('',#391,#392,#236,.T.);
#487=EDGE_CURVE('',#393,#392,#57,.T.);
#488=EDGE_CURVE('',#393,#394,#237,.T.);
#489=EDGE_CURVE('',#391,#394,#58,.T.);
#490=EDGE_CURVE('',#395,#396,#238,.T.);
#491=EDGE_CURVE('',#396,#397,#239,.T.);
#492=EDGE_CURVE('',#397,#398,#59,.T.);
#493=EDGE_CURVE('',#383,#398,#240,.T.);
#494=EDGE_CURVE('',#384,#399,#241,.T.);
#495=EDGE_CURVE('',#399,#400,#60,.T.);
#496=EDGE_CURVE('',#401,#400,#242,.T.);
#497=EDGE_CURVE('',#401,#402,#243,.T.);
#498=EDGE_CURVE('',#402,#393,#244,.T.);
#499=EDGE_CURVE('',#395,#392,#245,.T.);
#500=EDGE_CURVE('',#403,#404,#246,.T.);
#501=EDGE_CURVE('',#405,#404,#247,.T.);
#502=EDGE_CURVE('',#405,#406,#248,.T.);
#503=EDGE_CURVE('',#403,#406,#249,.T.);
#504=EDGE_CURVE('',#407,#407,#61,.T.);
#505=EDGE_CURVE('',#407,#408,#250,.T.);
#506=EDGE_CURVE('',#408,#408,#62,.T.);
#507=EDGE_CURVE('',#409,#410,#251,.T.);
#508=EDGE_CURVE('',#411,#409,#252,.T.);
#509=EDGE_CURVE('',#412,#411,#31,.T.);
#510=EDGE_CURVE('',#412,#413,#253,.T.);
#511=EDGE_CURVE('',#397,#413,#254,.T.);
#512=EDGE_CURVE('',#396,#414,#32,.T.);
#513=EDGE_CURVE('',#414,#410,#255,.T.);
#514=EDGE_CURVE('',#415,#416,#63,.T.);
#515=EDGE_CURVE('',#415,#417,#256,.T.);
#516=EDGE_CURVE('',#417,#416,#257,.T.);
#517=EDGE_CURVE('',#418,#419,#64,.T.);
#518=EDGE_CURVE('',#420,#418,#258,.T.);
#519=EDGE_CURVE('',#420,#419,#259,.T.);
#520=EDGE_CURVE('',#406,#405,#65,.T.);
#521=EDGE_CURVE('',#419,#409,#66,.T.);
#522=EDGE_CURVE('',#419,#411,#260,.T.);
#523=EDGE_CURVE('',#410,#415,#67,.T.);
#524=EDGE_CURVE('',#414,#415,#261,.T.);
#525=EDGE_CURVE('',#395,#417,#33,.T.);
#526=EDGE_CURVE('',#412,#421,#262,.T.);
#527=EDGE_CURVE('',#421,#420,#34,.T.);
#528=EDGE_CURVE('',#416,#418,#263,.T.);
#529=EDGE_CURVE('',#421,#391,#264,.T.);
#530=EDGE_CURVE('',#422,#422,#68,.T.);
#531=EDGE_CURVE('',#422,#423,#265,.T.);
#532=EDGE_CURVE('',#423,#403,#69,.T.);
#533=EDGE_CURVE('',#404,#423,#70,.T.);
#534=EDGE_CURVE('',#424,#424,#71,.T.);
#535=EDGE_CURVE('',#425,#425,#72,.T.);
#536=EDGE_CURVE('',#425,#424,#266,.T.);
#537=EDGE_CURVE('',#426,#413,#73,.T.);
#538=EDGE_CURVE('',#426,#398,#267,.T.);
#539=EDGE_CURVE('',#427,#428,#268,.T.);
#540=EDGE_CURVE('',#429,#428,#269,.T.);
#541=EDGE_CURVE('',#429,#430,#270,.T.);
#542=EDGE_CURVE('',#427,#430,#271,.T.);
#543=EDGE_CURVE('',#431,#431,#74,.T.);
#544=EDGE_CURVE('',#431,#432,#272,.T.);
#545=EDGE_CURVE('',#432,#432,#75,.T.);
#546=EDGE_CURVE('',#433,#434,#273,.T.);
#547=EDGE_CURVE('',#435,#433,#274,.T.);
#548=EDGE_CURVE('',#436,#435,#35,.T.);
#549=EDGE_CURVE('',#436,#394,#275,.T.);
#550=EDGE_CURVE('',#402,#437,#36,.T.);
#551=EDGE_CURVE('',#437,#434,#276,.T.);
#552=EDGE_CURVE('',#438,#439,#76,.T.);
#553=EDGE_CURVE('',#438,#440,#277,.T.);
#554=EDGE_CURVE('',#440,#439,#278,.T.);
#555=EDGE_CURVE('',#441,#442,#77,.T.);
#556=EDGE_CURVE('',#443,#441,#279,.T.);
#557=EDGE_CURVE('',#443,#442,#280,.T.);
#558=EDGE_CURVE('',#430,#429,#78,.T.);
#559=EDGE_CURVE('',#442,#433,#79,.T.);
#560=EDGE_CURVE('',#442,#435,#281,.T.);
#561=EDGE_CURVE('',#434,#438,#80,.T.);
#562=EDGE_CURVE('',#437,#438,#282,.T.);
#563=EDGE_CURVE('',#401,#440,#37,.T.);
#564=EDGE_CURVE('',#436,#444,#283,.T.);
#565=EDGE_CURVE('',#444,#443,#38,.T.);
#566=EDGE_CURVE('',#439,#441,#284,.T.);
#567=EDGE_CURVE('',#445,#400,#285,.T.);
#568=EDGE_CURVE('',#444,#445,#286,.T.);
#569=EDGE_CURVE('',#446,#446,#81,.T.);
#570=EDGE_CURVE('',#446,#447,#287,.T.);
#571=EDGE_CURVE('',#447,#427,#82,.T.);
#572=EDGE_CURVE('',#428,#447,#83,.T.);
#573=EDGE_CURVE('',#448,#448,#84,.T.);
#574=EDGE_CURVE('',#449,#449,#85,.T.);
#575=EDGE_CURVE('',#449,#448,#288,.T.);
#576=EDGE_CURVE('',#399,#450,#289,.T.);
#577=EDGE_CURVE('',#445,#450,#86,.T.);
#578=EDGE_CURVE('',#385,#450,#290,.T.);
#579=EDGE_CURVE('',#386,#426,#291,.T.);
#580=ORIENTED_EDGE('',*,*,#451,.T.);
#581=ORIENTED_EDGE('',*,*,#452,.F.);
#582=ORIENTED_EDGE('',*,*,#453,.T.);
#583=ORIENTED_EDGE('',*,*,#454,.F.);
#584=ORIENTED_EDGE('',*,*,#455,.F.);
#585=ORIENTED_EDGE('',*,*,#456,.T.);
#586=ORIENTED_EDGE('',*,*,#457,.T.);
#587=ORIENTED_EDGE('',*,*,#456,.F.);
#588=ORIENTED_EDGE('',*,*,#458,.F.);
#589=ORIENTED_EDGE('',*,*,#459,.T.);
#590=ORIENTED_EDGE('',*,*,#460,.T.);
#591=ORIENTED_EDGE('',*,*,#461,.F.);
#592=ORIENTED_EDGE('',*,*,#462,.F.);
#593=ORIENTED_EDGE('',*,*,#463,.T.);
#594=ORIENTED_EDGE('',*,*,#464,.F.);
#595=ORIENTED_EDGE('',*,*,#453,.F.);
#596=ORIENTED_EDGE('',*,*,#465,.F.);
#597=ORIENTED_EDGE('',*,*,#466,.T.);
#598=ORIENTED_EDGE('',*,*,#467,.T.);
#599=ORIENTED_EDGE('',*,*,#468,.F.);
#600=ORIENTED_EDGE('',*,*,#469,.F.);
#601=ORIENTED_EDGE('',*,*,#470,.T.);
#602=ORIENTED_EDGE('',*,*,#471,.F.);
#603=ORIENTED_EDGE('',*,*,#472,.T.);
#604=ORIENTED_EDGE('',*,*,#459,.F.);
#605=ORIENTED_EDGE('',*,*,#470,.F.);
#606=ORIENTED_EDGE('',*,*,#473,.F.);
#607=ORIENTED_EDGE('',*,*,#474,.F.);
#608=ORIENTED_EDGE('',*,*,#475,.T.);
#609=ORIENTED_EDGE('',*,*,#466,.F.);
#610=ORIENTED_EDGE('',*,*,#463,.F.);
#611=ORIENTED_EDGE('',*,*,#476,.F.);
#612=ORIENTED_EDGE('',*,*,#477,.T.);
#613=ORIENTED_EDGE('',*,*,#478,.T.);
#614=ORIENTED_EDGE('',*,*,#479,.T.);
#615=ORIENTED_EDGE('',*,*,#454,.T.);
#616=ORIENTED_EDGE('',*,*,#464,.T.);
#617=ORIENTED_EDGE('',*,*,#452,.T.);
#618=ORIENTED_EDGE('',*,*,#480,.T.);
#619=ORIENTED_EDGE('',*,*,#478,.F.);
#620=ORIENTED_EDGE('',*,*,#457,.F.);
#621=ORIENTED_EDGE('',*,*,#480,.F.);
#622=ORIENTED_EDGE('',*,*,#451,.F.);
#623=ORIENTED_EDGE('',*,*,#479,.F.);
#624=ORIENTED_EDGE('',*,*,#481,.T.);
#625=ORIENTED_EDGE('',*,*,#477,.F.);
#626=ORIENTED_EDGE('',*,*,#482,.F.);
#627=ORIENTED_EDGE('',*,*,#483,.T.);
#628=ORIENTED_EDGE('',*,*,#481,.F.);
#629=ORIENTED_EDGE('',*,*,#483,.F.);
#630=ORIENTED_EDGE('',*,*,#461,.T.);
#631=ORIENTED_EDGE('',*,*,#465,.T.);
#632=ORIENTED_EDGE('',*,*,#484,.T.);
#633=ORIENTED_EDGE('',*,*,#468,.T.);
#634=ORIENTED_EDGE('',*,*,#458,.T.);
#635=ORIENTED_EDGE('',*,*,#485,.T.);
#636=ORIENTED_EDGE('',*,*,#482,.T.);
#637=ORIENTED_EDGE('',*,*,#455,.T.);
#638=ORIENTED_EDGE('',*,*,#486,.T.);
#639=ORIENTED_EDGE('',*,*,#487,.F.);
#640=ORIENTED_EDGE('',*,*,#488,.T.);
#641=ORIENTED_EDGE('',*,*,#489,.F.);
#642=ORIENTED_EDGE('',*,*,#490,.T.);
#643=ORIENTED_EDGE('',*,*,#491,.T.);
#644=ORIENTED_EDGE('',*,*,#492,.T.);
#645=ORIENTED_EDGE('',*,*,#493,.F.);
#646=ORIENTED_EDGE('',*,*,#471,.T.);
#647=ORIENTED_EDGE('',*,*,#494,.T.);
#648=ORIENTED_EDGE('',*,*,#495,.T.);
#649=ORIENTED_EDGE('',*,*,#496,.F.);
#650=ORIENTED_EDGE('',*,*,#497,.T.);
#651=ORIENTED_EDGE('',*,*,#498,.T.);
#652=ORIENTED_EDGE('',*,*,#487,.T.);
#653=ORIENTED_EDGE('',*,*,#499,.F.);
#654=ORIENTED_EDGE('',*,*,#500,.T.);
#655=ORIENTED_EDGE('',*,*,#501,.F.);
#656=ORIENTED_EDGE('',*,*,#502,.T.);
#657=ORIENTED_EDGE('',*,*,#503,.F.);
#658=ORIENTED_EDGE('',*,*,#504,.F.);
#659=ORIENTED_EDGE('',*,*,#505,.T.);
#660=ORIENTED_EDGE('',*,*,#506,.T.);
#661=ORIENTED_EDGE('',*,*,#505,.F.);
#662=ORIENTED_EDGE('',*,*,#507,.F.);
#663=ORIENTED_EDGE('',*,*,#508,.F.);
#664=ORIENTED_EDGE('',*,*,#509,.F.);
#665=ORIENTED_EDGE('',*,*,#510,.T.);
#666=ORIENTED_EDGE('',*,*,#511,.F.);
#667=ORIENTED_EDGE('',*,*,#491,.F.);
#668=ORIENTED_EDGE('',*,*,#512,.T.);
#669=ORIENTED_EDGE('',*,*,#513,.T.);
#670=ORIENTED_EDGE('',*,*,#514,.F.);
#671=ORIENTED_EDGE('',*,*,#515,.T.);
#672=ORIENTED_EDGE('',*,*,#516,.T.);
#673=ORIENTED_EDGE('',*,*,#517,.F.);
#674=ORIENTED_EDGE('',*,*,#518,.F.);
#675=ORIENTED_EDGE('',*,*,#519,.T.);
#676=ORIENTED_EDGE('',*,*,#520,.F.);
#677=ORIENTED_EDGE('',*,*,#502,.F.);
#678=ORIENTED_EDGE('',*,*,#521,.F.);
#679=ORIENTED_EDGE('',*,*,#522,.T.);
#680=ORIENTED_EDGE('',*,*,#508,.T.);
#681=ORIENTED_EDGE('',*,*,#523,.F.);
#682=ORIENTED_EDGE('',*,*,#513,.F.);
#683=ORIENTED_EDGE('',*,*,#524,.T.);
#684=ORIENTED_EDGE('',*,*,#490,.F.);
#685=ORIENTED_EDGE('',*,*,#525,.T.);
#686=ORIENTED_EDGE('',*,*,#515,.F.);
#687=ORIENTED_EDGE('',*,*,#524,.F.);
#688=ORIENTED_EDGE('',*,*,#512,.F.);
#689=ORIENTED_EDGE('',*,*,#526,.F.);
#690=ORIENTED_EDGE('',*,*,#509,.T.);
#691=ORIENTED_EDGE('',*,*,#522,.F.);
#692=ORIENTED_EDGE('',*,*,#519,.F.);
#693=ORIENTED_EDGE('',*,*,#527,.F.);
#694=ORIENTED_EDGE('',*,*,#528,.F.);
#695=ORIENTED_EDGE('',*,*,#516,.F.);
#696=ORIENTED_EDGE('',*,*,#525,.F.);
#697=ORIENTED_EDGE('',*,*,#499,.T.);
#698=ORIENTED_EDGE('',*,*,#486,.F.);
#699=ORIENTED_EDGE('',*,*,#529,.F.);
#700=ORIENTED_EDGE('',*,*,#527,.T.);
#701=ORIENTED_EDGE('',*,*,#518,.T.);
#702=ORIENTED_EDGE('',*,*,#530,.T.);
#703=ORIENTED_EDGE('',*,*,#531,.T.);
#704=ORIENTED_EDGE('',*,*,#532,.T.);
#705=ORIENTED_EDGE('',*,*,#503,.T.);
#706=ORIENTED_EDGE('',*,*,#520,.T.);
#707=ORIENTED_EDGE('',*,*,#501,.T.);
#708=ORIENTED_EDGE('',*,*,#533,.T.);
#709=ORIENTED_EDGE('',*,*,#531,.F.);
#710=ORIENTED_EDGE('',*,*,#506,.F.);
#711=ORIENTED_EDGE('',*,*,#533,.F.);
#712=ORIENTED_EDGE('',*,*,#500,.F.);
#713=ORIENTED_EDGE('',*,*,#532,.F.);
#714=ORIENTED_EDGE('',*,*,#534,.T.);
#715=ORIENTED_EDGE('',*,*,#530,.F.);
#716=ORIENTED_EDGE('',*,*,#535,.F.);
#717=ORIENTED_EDGE('',*,*,#536,.T.);
#718=ORIENTED_EDGE('',*,*,#534,.F.);
#719=ORIENTED_EDGE('',*,*,#536,.F.);
#720=ORIENTED_EDGE('',*,*,#517,.T.);
#721=ORIENTED_EDGE('',*,*,#521,.T.);
#722=ORIENTED_EDGE('',*,*,#507,.T.);
#723=ORIENTED_EDGE('',*,*,#523,.T.);
#724=ORIENTED_EDGE('',*,*,#514,.T.);
#725=ORIENTED_EDGE('',*,*,#528,.T.);
#726=ORIENTED_EDGE('',*,*,#535,.T.);
#727=ORIENTED_EDGE('',*,*,#504,.T.);
#728=ORIENTED_EDGE('',*,*,#511,.T.);
#729=ORIENTED_EDGE('',*,*,#537,.F.);
#730=ORIENTED_EDGE('',*,*,#538,.T.);
#731=ORIENTED_EDGE('',*,*,#492,.F.);
#732=ORIENTED_EDGE('',*,*,#539,.T.);
#733=ORIENTED_EDGE('',*,*,#540,.F.);
#734=ORIENTED_EDGE('',*,*,#541,.T.);
#735=ORIENTED_EDGE('',*,*,#542,.F.);
#736=ORIENTED_EDGE('',*,*,#543,.F.);
#737=ORIENTED_EDGE('',*,*,#544,.T.);
#738=ORIENTED_EDGE('',*,*,#545,.T.);
#739=ORIENTED_EDGE('',*,*,#544,.F.);
#740=ORIENTED_EDGE('',*,*,#546,.F.);
#741=ORIENTED_EDGE('',*,*,#547,.F.);
#742=ORIENTED_EDGE('',*,*,#548,.F.);
#743=ORIENTED_EDGE('',*,*,#549,.T.);
#744=ORIENTED_EDGE('',*,*,#488,.F.);
#745=ORIENTED_EDGE('',*,*,#498,.F.);
#746=ORIENTED_EDGE('',*,*,#550,.T.);
#747=ORIENTED_EDGE('',*,*,#551,.T.);
#748=ORIENTED_EDGE('',*,*,#552,.F.);
#749=ORIENTED_EDGE('',*,*,#553,.T.);
#750=ORIENTED_EDGE('',*,*,#554,.T.);
#751=ORIENTED_EDGE('',*,*,#555,.F.);
#752=ORIENTED_EDGE('',*,*,#556,.F.);
#753=ORIENTED_EDGE('',*,*,#557,.T.);
#754=ORIENTED_EDGE('',*,*,#558,.F.);
#755=ORIENTED_EDGE('',*,*,#541,.F.);
#756=ORIENTED_EDGE('',*,*,#559,.F.);
#757=ORIENTED_EDGE('',*,*,#560,.T.);
#758=ORIENTED_EDGE('',*,*,#547,.T.);
#759=ORIENTED_EDGE('',*,*,#561,.F.);
#760=ORIENTED_EDGE('',*,*,#551,.F.);
#761=ORIENTED_EDGE('',*,*,#562,.T.);
#762=ORIENTED_EDGE('',*,*,#497,.F.);
#763=ORIENTED_EDGE('',*,*,#563,.T.);
#764=ORIENTED_EDGE('',*,*,#553,.F.);
#765=ORIENTED_EDGE('',*,*,#562,.F.);
#766=ORIENTED_EDGE('',*,*,#550,.F.);
#767=ORIENTED_EDGE('',*,*,#564,.F.);
#768=ORIENTED_EDGE('',*,*,#548,.T.);
#769=ORIENTED_EDGE('',*,*,#560,.F.);
#770=ORIENTED_EDGE('',*,*,#557,.F.);
#771=ORIENTED_EDGE('',*,*,#565,.F.);
#772=ORIENTED_EDGE('',*,*,#566,.F.);
#773=ORIENTED_EDGE('',*,*,#554,.F.);
#774=ORIENTED_EDGE('',*,*,#563,.F.);
#775=ORIENTED_EDGE('',*,*,#496,.T.);
#776=ORIENTED_EDGE('',*,*,#567,.F.);
#777=ORIENTED_EDGE('',*,*,#568,.F.);
#778=ORIENTED_EDGE('',*,*,#565,.T.);
#779=ORIENTED_EDGE('',*,*,#556,.T.);
#780=ORIENTED_EDGE('',*,*,#569,.T.);
#781=ORIENTED_EDGE('',*,*,#570,.T.);
#782=ORIENTED_EDGE('',*,*,#571,.T.);
#783=ORIENTED_EDGE('',*,*,#542,.T.);
#784=ORIENTED_EDGE('',*,*,#558,.T.);
#785=ORIENTED_EDGE('',*,*,#540,.T.);
#786=ORIENTED_EDGE('',*,*,#572,.T.);
#787=ORIENTED_EDGE('',*,*,#570,.F.);
#788=ORIENTED_EDGE('',*,*,#545,.F.);
#789=ORIENTED_EDGE('',*,*,#572,.F.);
#790=ORIENTED_EDGE('',*,*,#539,.F.);
#791=ORIENTED_EDGE('',*,*,#571,.F.);
#792=ORIENTED_EDGE('',*,*,#573,.T.);
#793=ORIENTED_EDGE('',*,*,#569,.F.);
#794=ORIENTED_EDGE('',*,*,#574,.F.);
#795=ORIENTED_EDGE('',*,*,#575,.T.);
#796=ORIENTED_EDGE('',*,*,#573,.F.);
#797=ORIENTED_EDGE('',*,*,#575,.F.);
#798=ORIENTED_EDGE('',*,*,#555,.T.);
#799=ORIENTED_EDGE('',*,*,#559,.T.);
#800=ORIENTED_EDGE('',*,*,#546,.T.);
#801=ORIENTED_EDGE('',*,*,#561,.T.);
#802=ORIENTED_EDGE('',*,*,#552,.T.);
#803=ORIENTED_EDGE('',*,*,#566,.T.);
#804=ORIENTED_EDGE('',*,*,#574,.T.);
#805=ORIENTED_EDGE('',*,*,#543,.T.);
#806=ORIENTED_EDGE('',*,*,#567,.T.);
#807=ORIENTED_EDGE('',*,*,#495,.F.);
#808=ORIENTED_EDGE('',*,*,#576,.T.);
#809=ORIENTED_EDGE('',*,*,#577,.F.);
#810=ORIENTED_EDGE('',*,*,#489,.T.);
#811=ORIENTED_EDGE('',*,*,#549,.F.);
#812=ORIENTED_EDGE('',*,*,#564,.T.);
#813=ORIENTED_EDGE('',*,*,#568,.T.);
#814=ORIENTED_EDGE('',*,*,#577,.T.);
#815=ORIENTED_EDGE('',*,*,#578,.F.);
#816=ORIENTED_EDGE('',*,*,#474,.T.);
#817=ORIENTED_EDGE('',*,*,#579,.T.);
#818=ORIENTED_EDGE('',*,*,#537,.T.);
#819=ORIENTED_EDGE('',*,*,#510,.F.);
#820=ORIENTED_EDGE('',*,*,#526,.T.);
#821=ORIENTED_EDGE('',*,*,#529,.T.);
#822=ORIENTED_EDGE('',*,*,#578,.T.);
#823=ORIENTED_EDGE('',*,*,#576,.F.);
#824=ORIENTED_EDGE('',*,*,#494,.F.);
#825=ORIENTED_EDGE('',*,*,#473,.T.);
#826=ORIENTED_EDGE('',*,*,#469,.T.);
#827=ORIENTED_EDGE('',*,*,#484,.F.);
#828=ORIENTED_EDGE('',*,*,#467,.F.);
#829=ORIENTED_EDGE('',*,*,#475,.F.);
#830=ORIENTED_EDGE('',*,*,#493,.T.);
#831=ORIENTED_EDGE('',*,*,#538,.F.);
#832=ORIENTED_EDGE('',*,*,#579,.F.);
#833=ORIENTED_EDGE('',*,*,#476,.T.);
#834=ORIENTED_EDGE('',*,*,#462,.T.);
#835=ORIENTED_EDGE('',*,*,#485,.F.);
#836=ORIENTED_EDGE('',*,*,#460,.F.);
#837=ORIENTED_EDGE('',*,*,#472,.F.);
#838=PLANE('',#940);
#839=PLANE('',#944);
#840=PLANE('',#946);
#841=PLANE('',#948);
#842=PLANE('',#950);
#843=PLANE('',#952);
#844=PLANE('',#958);
#845=PLANE('',#959);
#846=PLANE('',#963);
#847=PLANE('',#967);
#848=PLANE('',#970);
#849=PLANE('',#974);
#850=PLANE('',#975);
#851=PLANE('',#977);
#852=PLANE('',#979);
#853=PLANE('',#981);
#854=PLANE('',#983);
#855=PLANE('',#985);
#856=PLANE('',#990);
#857=PLANE('',#991);
#858=PLANE('',#995);
#859=PLANE('',#998);
#860=PLANE('',#1002);
#861=PLANE('',#1003);
#862=PLANE('',#1005);
#863=PLANE('',#1007);
#864=PLANE('',#1009);
#865=PLANE('',#1011);
#866=PLANE('',#1013);
#867=PLANE('',#1018);
#868=PLANE('',#1019);
#869=PLANE('',#1023);
#870=PLANE('',#1026);
#871=PLANE('',#1027);
#872=PLANE('',#1028);
#873=ADVANCED_FACE('',(#99),#838,.T.);
#874=ADVANCED_FACE('',(#100),#87,.F.);
#875=ADVANCED_FACE('',(#101),#839,.T.);
#876=ADVANCED_FACE('',(#102),#840,.T.);
#877=ADVANCED_FACE('',(#103),#841,.T.);
#878=ADVANCED_FACE('',(#104),#842,.T.);
#879=ADVANCED_FACE('',(#105),#843,.T.);
#880=ADVANCED_FACE('',(#106),#39,.T.);
#881=ADVANCED_FACE('',(#107),#40,.T.);
#882=ADVANCED_FACE('',(#108),#88,.F.);
#883=ADVANCED_FACE('',(#109,#15),#844,.F.);
#884=ADVANCED_FACE('',(#110,#16),#845,.T.);
#885=ADVANCED_FACE('',(#111,#17),#89,.T.);
#886=ADVANCED_FACE('',(#112,#18),#846,.F.);
#887=ADVANCED_FACE('',(#113),#90,.T.);
#888=ADVANCED_FACE('',(#114),#847,.T.);
#889=ADVANCED_FACE('',(#115),#848,.T.);
#890=ADVANCED_FACE('',(#116),#91,.F.);
#891=ADVANCED_FACE('',(#117),#849,.T.);
#892=ADVANCED_FACE('',(#118),#850,.T.);
#893=ADVANCED_FACE('',(#119),#851,.T.);
#894=ADVANCED_FACE('',(#120),#852,.T.);
#895=ADVANCED_FACE('',(#121),#853,.T.);
#896=ADVANCED_FACE('',(#122),#854,.T.);
#897=ADVANCED_FACE('',(#123),#41,.T.);
#898=ADVANCED_FACE('',(#124),#42,.T.);
#899=ADVANCED_FACE('',(#125),#855,.T.);
#900=ADVANCED_FACE('',(#126),#92,.F.);
#901=ADVANCED_FACE('',(#127,#19),#856,.F.);
#902=ADVANCED_FACE('',(#128,#20),#857,.T.);
#903=ADVANCED_FACE('',(#129,#21),#93,.T.);
#904=ADVANCED_FACE('',(#130,#22),#858,.F.);
#905=ADVANCED_FACE('',(#131),#94,.T.);
#906=ADVANCED_FACE('',(#132),#859,.T.);
#907=ADVANCED_FACE('',(#133),#95,.F.);
#908=ADVANCED_FACE('',(#134),#860,.T.);
#909=ADVANCED_FACE('',(#135),#861,.T.);
#910=ADVANCED_FACE('',(#136),#862,.T.);
#911=ADVANCED_FACE('',(#137),#863,.T.);
#912=ADVANCED_FACE('',(#138),#864,.T.);
#913=ADVANCED_FACE('',(#139),#865,.T.);
#914=ADVANCED_FACE('',(#140),#43,.T.);
#915=ADVANCED_FACE('',(#141),#44,.T.);
#916=ADVANCED_FACE('',(#142),#866,.T.);
#917=ADVANCED_FACE('',(#143),#96,.F.);
#918=ADVANCED_FACE('',(#144,#23),#867,.F.);
#919=ADVANCED_FACE('',(#145,#24),#868,.T.);
#920=ADVANCED_FACE('',(#146,#25),#97,.T.);
#921=ADVANCED_FACE('',(#147,#26),#869,.F.);
#922=ADVANCED_FACE('',(#148),#98,.T.);
#923=ADVANCED_FACE('',(#149),#870,.F.);
#924=ADVANCED_FACE('',(#150),#871,.T.);
#925=ADVANCED_FACE('',(#151),#872,.T.);
#926=CLOSED_SHELL('',(#873,#874,#875,#876,#877,#878,#879,#880,#881,#882,
#883,#884,#885,#886,#887,#888,#889,#890,#891,#892,#893,#894,#895,#896,#897,
#898,#899,#900,#901,#902,#903,#904,#905,#906,#907,#908,#909,#910,#911,#912,
#913,#914,#915,#916,#917,#918,#919,#920,#921,#922,#923,#924,#925));
#927=DERIVED_UNIT_ELEMENT(#929,1.);
#928=DERIVED_UNIT_ELEMENT(#1882,-3.);
#929=(
MASS_UNIT()
NAMED_UNIT(*)
SI_UNIT(.KILO.,.GRAM.)
);
#930=DERIVED_UNIT((#927,#928));
#931=MEASURE_REPRESENTATION_ITEM('density measure',
POSITIVE_RATIO_MEASURE(7850.),#930);
#932=PROPERTY_DEFINITION_REPRESENTATION(#937,#934);
#933=PROPERTY_DEFINITION_REPRESENTATION(#938,#935);
#934=REPRESENTATION('material name',(#936),#1877);
#935=REPRESENTATION('density',(#931),#1877);
#936=DESCRIPTIVE_REPRESENTATION_ITEM('Steel','Steel');
#937=PROPERTY_DEFINITION('material property','material name',#1890);
#938=PROPERTY_DEFINITION('material property','density of part',#1890);
#939=AXIS2_PLACEMENT_3D('',#1284,#1029,#1030);
#940=AXIS2_PLACEMENT_3D('',#1285,#1031,#1032);
#941=AXIS2_PLACEMENT_3D('',#1294,#1037,#1038);
#942=AXIS2_PLACEMENT_3D('',#1296,#1039,#1040);
#943=AXIS2_PLACEMENT_3D('',#1299,#1042,#1043);
#944=AXIS2_PLACEMENT_3D('',#1300,#1044,#1045);
#945=AXIS2_PLACEMENT_3D('',#1303,#1046,#1047);
#946=AXIS2_PLACEMENT_3D('',#1307,#1050,#1051);
#947=AXIS2_PLACEMENT_3D('',#1310,#1052,#1053);
#948=AXIS2_PLACEMENT_3D('',#1314,#1056,#1057);
#949=AXIS2_PLACEMENT_3D('',#1315,#1058,#1059);
#950=AXIS2_PLACEMENT_3D('',#1316,#1060,#1061);
#951=AXIS2_PLACEMENT_3D('',#1318,#1062,#1063);
#952=AXIS2_PLACEMENT_3D('',#1322,#1066,#1067);
#953=AXIS2_PLACEMENT_3D('',#1324,#1068,#1069);
#954=AXIS2_PLACEMENT_3D('',#1448,#1074,#1075);
#955=AXIS2_PLACEMENT_3D('',#1450,#1076,#1077);
#956=AXIS2_PLACEMENT_3D('',#1453,#1079,#1080);
#957=AXIS2_PLACEMENT_3D('',#1454,#1081,#1082);
#958=AXIS2_PLACEMENT_3D('',#1455,#1083,#1084);
#959=AXIS2_PLACEMENT_3D('',#1456,#1085,#1086);
#960=AXIS2_PLACEMENT_3D('',#1458,#1087,#1088);
#961=AXIS2_PLACEMENT_3D('',#1459,#1089,#1090);
#962=AXIS2_PLACEMENT_3D('',#1461,#1091,#1092);
#963=AXIS2_PLACEMENT_3D('',#1465,#1096,#1097);
#964=AXIS2_PLACEMENT_3D('',#1466,#1098,#1099);
#965=AXIS2_PLACEMENT_3D('',#1471,#1101,#1102);
#966=AXIS2_PLACEMENT_3D('',#1474,#1104,#1105);
#967=AXIS2_PLACEMENT_3D('',#1475,#1106,#1107);
#968=AXIS2_PLACEMENT_3D('',#1482,#1110,#1111);
#969=AXIS2_PLACEMENT_3D('',#1487,#1114,#1115);
#970=AXIS2_PLACEMENT_3D('',#1494,#1120,#1121);
#971=AXIS2_PLACEMENT_3D('',#1503,#1126,#1127);
#972=AXIS2_PLACEMENT_3D('',#1505,#1128,#1129);
#973=AXIS2_PLACEMENT_3D('',#1508,#1131,#1132);
#974=AXIS2_PLACEMENT_3D('',#1509,#1133,#1134);
#975=AXIS2_PLACEMENT_3D('',#1540,#1140,#1141);
#976=AXIS2_PLACEMENT_3D('',#1543,#1142,#1143);
#977=AXIS2_PLACEMENT_3D('',#1547,#1146,#1147);
#978=AXIS2_PLACEMENT_3D('',#1550,#1148,#1149);
#979=AXIS2_PLACEMENT_3D('',#1554,#1152,#1153);
#980=AXIS2_PLACEMENT_3D('',#1555,#1154,#1155);
#981=AXIS2_PLACEMENT_3D('',#1556,#1156,#1157);
#982=AXIS2_PLACEMENT_3D('',#1557,#1158,#1159);
#983=AXIS2_PLACEMENT_3D('',#1559,#1161,#1162);
#984=AXIS2_PLACEMENT_3D('',#1560,#1163,#1164);
#985=AXIS2_PLACEMENT_3D('',#1659,#1167,#1168);
#986=AXIS2_PLACEMENT_3D('',#1662,#1171,#1172);
#987=AXIS2_PLACEMENT_3D('',#1664,#1173,#1174);
#988=AXIS2_PLACEMENT_3D('',#1667,#1176,#1177);
#989=AXIS2_PLACEMENT_3D('',#1668,#1178,#1179);
#990=AXIS2_PLACEMENT_3D('',#1669,#1180,#1181);
#991=AXIS2_PLACEMENT_3D('',#1670,#1182,#1183);
#992=AXIS2_PLACEMENT_3D('',#1672,#1184,#1185);
#993=AXIS2_PLACEMENT_3D('',#1673,#1186,#1187);
#994=AXIS2_PLACEMENT_3D('',#1675,#1188,#1189);
#995=AXIS2_PLACEMENT_3D('',#1677,#1191,#1192);
#996=AXIS2_PLACEMENT_3D('',#1678,#1193,#1194);
#997=AXIS2_PLACEMENT_3D('',#1680,#1195,#1196);
#998=AXIS2_PLACEMENT_3D('',#1682,#1198,#1199);
#999=AXIS2_PLACEMENT_3D('',#1691,#1204,#1205);
#1000=AXIS2_PLACEMENT_3D('',#1693,#1206,#1207);
#1001=AXIS2_PLACEMENT_3D('',#1696,#1209,#1210);
#1002=AXIS2_PLACEMENT_3D('',#1697,#1211,#1212);
#1003=AXIS2_PLACEMENT_3D('',#1726,#1217,#1218);
#1004=AXIS2_PLACEMENT_3D('',#1729,#1219,#1220);
#1005=AXIS2_PLACEMENT_3D('',#1733,#1223,#1224);
#1006=AXIS2_PLACEMENT_3D('',#1736,#1225,#1226);
#1007=AXIS2_PLACEMENT_3D('',#1740,#1229,#1230);
#1008=AXIS2_PLACEMENT_3D('',#1741,#1231,#1232);
#1009=AXIS2_PLACEMENT_3D('',#1742,#1233,#1234);
#1010=AXIS2_PLACEMENT_3D('',#1743,#1235,#1236);
#1011=AXIS2_PLACEMENT_3D('',#1745,#1238,#1239);
#1012=AXIS2_PLACEMENT_3D('',#1746,#1240,#1241);
#1013=AXIS2_PLACEMENT_3D('',#1845,#1244,#1245);
#1014=AXIS2_PLACEMENT_3D('',#1850,#1249,#1250);
#1015=AXIS2_PLACEMENT_3D('',#1852,#1251,#1252);
#1016=AXIS2_PLACEMENT_3D('',#1855,#1254,#1255);
#1017=AXIS2_PLACEMENT_3D('',#1856,#1256,#1257);
#1018=AXIS2_PLACEMENT_3D('',#1857,#1258,#1259);
#1019=AXIS2_PLACEMENT_3D('',#1858,#1260,#1261);
#1020=AXIS2_PLACEMENT_3D('',#1860,#1262,#1263);
#1021=AXIS2_PLACEMENT_3D('',#1861,#1264,#1265);
#1022=AXIS2_PLACEMENT_3D('',#1863,#1266,#1267);
#1023=AXIS2_PLACEMENT_3D('',#1865,#1269,#1270);
#1024=AXIS2_PLACEMENT_3D('',#1866,#1271,#1272);
#1025=AXIS2_PLACEMENT_3D('',#1869,#1274,#1275);
#1026=AXIS2_PLACEMENT_3D('',#1870,#1276,#1277);
#1027=AXIS2_PLACEMENT_3D('',#1873,#1280,#1281);
#1028=AXIS2_PLACEMENT_3D('',#1874,#1282,#1283);
#1029=DIRECTION('axis',(0.,0.,1.));
#1030=DIRECTION('refdir',(1.,0.,0.));
#1031=DIRECTION('center_axis',(0.3420195881716,2.75693010308008E-15,0.939692822845279));
#1032=DIRECTION('ref_axis',(6.10622663543837E-16,-1.,2.74342797172774E-15));
#1033=DIRECTION('',(6.10622663543837E-16,-1.,2.74342797172774E-15));
#1034=DIRECTION('',(-0.939692822845282,1.98723177039113E-15,0.342019588171594));
#1035=DIRECTION('',(-2.16493489801905E-15,1.,-2.11769125963822E-15));
#1036=DIRECTION('',(0.939692822845282,-1.98723177039113E-15,-0.342019588171594));
#1037=DIRECTION('center_axis',(-0.93969282284528,9.32519896997242E-16,0.342019588171598));
#1038=DIRECTION('ref_axis',(1.74838271594513E-16,1.,-2.25668849789482E-15));
#1039=DIRECTION('center_axis',(0.93969282284528,-3.21897233453405E-16,-0.342019588171598));
#1040=DIRECTION('ref_axis',(-3.49676543189026E-16,1.,-2.08101269898848E-15));
#1041=DIRECTION('',(0.93969282284528,-9.32519896997242E-16,-0.342019588171598));
#1042=DIRECTION('center_axis',(0.93969282284528,-3.77408384684663E-16,-0.342019588171598));
#1043=DIRECTION('ref_axis',(1.74838271594513E-16,1.,-2.25668849789482E-15));
#1044=DIRECTION('center_axis',(-0.939692822845279,4.32919535915925E-16,
0.3420195881716));
#1045=DIRECTION('ref_axis',(5.55111512312579E-16,-1.,2.74342797172774E-15));
#1046=DIRECTION('center_axis',(-0.939692822845279,4.32919535915925E-16,
0.3420195881716));
#1047=DIRECTION('ref_axis',(2.6898195629925E-16,1.,-2.26128835279077E-15));
#1048=DIRECTION('',(5.55111512312579E-16,-1.,2.74342797172774E-15));
#1049=DIRECTION('',(0.3420195881716,2.03528513707373E-15,0.939692822845279));
#1050=DIRECTION('center_axis',(0.939692822845279,1.39894845471558E-15,-0.3420195881716));
#1051=DIRECTION('ref_axis',(-2.22044604925031E-15,1.,-2.14544683525385E-15));
#1052=DIRECTION('center_axis',(0.939692822845279,1.39894845471558E-15,-0.3420195881716));
#1053=DIRECTION('ref_axis',(2.6898195629925E-16,1.,-2.26128835279077E-15));
#1054=DIRECTION('',(0.3420195881716,2.03528513707373E-15,0.939692822845279));
#1055=DIRECTION('',(-2.22044604925031E-15,1.,-2.14544683525385E-15));
#1056=DIRECTION('center_axis',(0.939692822845279,1.39894845471558E-15,-0.3420195881716));
#1057=DIRECTION('ref_axis',(-2.22044604925031E-15,1.,-2.14544683525385E-15));
#1058=DIRECTION('center_axis',(-0.939692822845279,-1.39894845471558E-15,
0.3420195881716));
#1059=DIRECTION('ref_axis',(1.20201311721228E-15,1.,-2.67527529342653E-15));
#1060=DIRECTION('center_axis',(0.939692822845279,1.39894845471558E-15,-0.3420195881716));
#1061=DIRECTION('ref_axis',(-2.22044604925031E-15,1.,-2.14544683525385E-15));
#1062=DIRECTION('center_axis',(0.939692822845279,1.39894845471558E-15,-0.3420195881716));
#1063=DIRECTION('ref_axis',(2.6898195629925E-16,1.,-2.26128835279077E-15));
#1064=DIRECTION('',(-2.22044604925031E-15,1.,-2.14544683525385E-15));
#1065=DIRECTION('',(0.3420195881716,2.03528513707373E-15,0.939692822845279));
#1066=DIRECTION('center_axis',(-0.939692822845279,4.32919535915925E-16,
0.3420195881716));
#1067=DIRECTION('ref_axis',(5.55111512312579E-16,-1.,2.74342797172774E-15));
#1068=DIRECTION('center_axis',(-0.939692822845279,4.32919535915925E-16,
0.3420195881716));
#1069=DIRECTION('ref_axis',(2.6898195629925E-16,1.,-2.26128835279077E-15));
#1070=DIRECTION('',(0.3420195881716,2.03528513707373E-15,0.939692822845279));
#1071=DIRECTION('',(5.55111512312579E-16,-1.,2.74342797172774E-15));
#1072=DIRECTION('',(-4.9960036108132E-16,1.,-2.07729415695265E-15));
#1073=DIRECTION('',(4.99600361081318E-16,-1.,3.2891144100752E-16));
#1074=DIRECTION('center_axis',(0.939692822845281,-1.98723177039113E-15,
-0.342019588171594));
#1075=DIRECTION('ref_axis',(1.20201311721228E-15,1.,-2.67527529342653E-15));
#1076=DIRECTION('center_axis',(0.93969282284528,-3.77408384684663E-16,-0.342019588171598));
#1077=DIRECTION('ref_axis',(1.20201311721228E-15,1.,-2.67527529342653E-15));
#1078=DIRECTION('',(-0.939692822845281,1.98723177039113E-15,0.342019588171594));
#1079=DIRECTION('center_axis',(-0.93969282284528,3.77408384684663E-16,0.342019588171598));
#1080=DIRECTION('ref_axis',(-4.91732638859567E-16,1.,-2.07729415695265E-15));
#1081=DIRECTION('center_axis',(-0.93969282284528,3.77408384684663E-16,0.342019588171598));
#1082=DIRECTION('ref_axis',(-4.91732638859567E-16,1.,-2.07729415695265E-15));
#1083=DIRECTION('center_axis',(0.93969282284528,-3.77408384684663E-16,-0.342019588171598));
#1084=DIRECTION('ref_axis',(-3.33066907387547E-16,1.,-2.07729415695265E-15));
#1085=DIRECTION('center_axis',(0.93969282284528,-3.77408384684663E-16,-0.342019588171598));
#1086=DIRECTION('ref_axis',(-3.33066907387547E-16,1.,-2.05325712337285E-15));
#1087=DIRECTION('center_axis',(0.93969282284528,-3.77408384684663E-16,-0.342019588171598));
#1088=DIRECTION('ref_axis',(-2.6898195629925E-16,1.,-2.05325712337285E-15));
#1089=DIRECTION('center_axis',(-0.93969282284528,9.32519896997242E-16,0.342019588171598));
#1090=DIRECTION('ref_axis',(2.6898195629925E-16,1.,-2.26128835279077E-15));
#1091=DIRECTION('center_axis',(-0.93969282284528,3.21897233453405E-16,0.342019588171598));
#1092=DIRECTION('ref_axis',(-2.01736467224438E-16,1.,-2.08101269898848E-15));
#1093=DIRECTION('',(0.93969282284528,-9.32519896997242E-16,-0.342019588171598));
#1094=DIRECTION('',(-0.93969282284528,9.32519896997242E-16,0.342019588171598));
#1095=DIRECTION('',(0.93969282284528,-9.32519896997242E-16,-0.342019588171598));
#1096=DIRECTION('center_axis',(0.93969282284528,-3.21897233453405E-16,-0.342019588171598));
#1097=DIRECTION('ref_axis',(-3.33066907387547E-16,1.,-2.08101269898848E-15));
#1098=DIRECTION('center_axis',(-2.27148379939195E-15,-2.20262964788854E-16,
-1.));
#1099=DIRECTION('ref_axis',(0.5,-0.866025403784439,-9.44988576675948E-16));
#1100=DIRECTION('',(2.27148379939195E-15,2.20262964788854E-16,1.));
#1101=DIRECTION('center_axis',(2.35748920385248E-15,7.12972345377002E-17,
1.));
#1102=DIRECTION('ref_axis',(0.5,-0.866025403784439,-1.11699938559701E-15));
#1103=DIRECTION('',(-2.27148379939195E-15,-2.20262964788854E-16,-1.));
#1104=DIRECTION('center_axis',(-2.35748920385248E-15,-7.12972345377002E-17,
-1.));
#1105=DIRECTION('ref_axis',(0.5,-0.866025403784439,-1.11699938559701E-15));
#1106=DIRECTION('center_axis',(2.35748920385248E-15,7.12972345377002E-17,
1.));
#1107=DIRECTION('ref_axis',(0.5,-0.866025403784439,-1.11699938559701E-15));
#1108=DIRECTION('',(0.866025403784439,-0.5,7.12972345377004E-17));
#1109=DIRECTION('',(0.5,0.866025403784439,-2.35748920385248E-15));
#1110=DIRECTION('center_axis',(2.35748920385248E-15,7.12972345377002E-17,
1.));
#1111=DIRECTION('ref_axis',(0.5,-0.866025403784439,-1.11699938559701E-15));
#1112=DIRECTION('',(-1.,-6.10622663543836E-16,1.11699938559702E-15));
#1113=DIRECTION('',(-1.,-6.10622663543836E-16,1.11699938559702E-15));
#1114=DIRECTION('center_axis',(2.35748920385248E-15,7.12972345377002E-17,
1.));
#1115=DIRECTION('ref_axis',(0.5,-0.866025403784439,-1.11699938559701E-15));
#1116=DIRECTION('',(0.5,-0.866025403784438,1.24048981825546E-15));
#1117=DIRECTION('',(-0.866025403784438,-0.5,2.00599692241495E-15));
#1118=DIRECTION('',(0.5,-0.866025403784438,1.24048981825546E-15));
#1119=DIRECTION('',(0.5,0.866025403784439,-2.35748920385248E-15));
#1120=DIRECTION('center_axis',(-0.171009794085798,-0.296197651948495,0.93969282284528));
#1121=DIRECTION('ref_axis',(-0.866025403784439,0.5,5.94836580237393E-16));
#1122=DIRECTION('',(-0.866025403784439,0.5,6.22592155853022E-16));
#1123=DIRECTION('',(0.469846411422641,0.813797856337925,0.342019588171591));
#1124=DIRECTION('',(0.866025403784439,-0.499999999999999,3.09001318521263E-17));
#1125=DIRECTION('',(-0.469846411422641,-0.813797856337925,-0.342019588171591));
#1126=DIRECTION('center_axis',(0.469846411422641,0.813797856337923,0.342019588171595));
#1127=DIRECTION('ref_axis',(0.866025403784438,-0.500000000000001,-1.08097106404466E-16));
#1128=DIRECTION('center_axis',(-0.469846411422641,-0.813797856337923,-0.342019588171595));
#1129=DIRECTION('ref_axis',(0.866025403784438,-0.5,6.75786925018662E-17));
#1130=DIRECTION('',(-0.469846411422641,-0.813797856337923,-0.342019588171595));
#1131=DIRECTION('center_axis',(-0.469846411422641,-0.813797856337923,-0.342019588171595));
#1132=DIRECTION('ref_axis',(0.866025403784438,-0.500000000000001,-1.08097106404466E-16));
#1133=DIRECTION('center_axis',(0.866025403784438,-0.500000000000001,7.1297234537702E-17));
#1134=DIRECTION('ref_axis',(1.11699938559701E-15,2.07729415695265E-15,1.));
#1135=DIRECTION('',(0.469846411422641,0.813797856337923,0.342019588171595));
#1136=DIRECTION('',(-0.171009794085799,-0.296197651948495,0.93969282284528));
#1137=DIRECTION('',(0.5,0.866025403784439,-2.35748920385248E-15));
#1138=DIRECTION('',(-2.27148379939195E-15,-2.20262964788854E-16,-1.));
#1139=DIRECTION('',(-0.171009794085799,-0.296197651948495,0.93969282284528));
#1140=DIRECTION('center_axis',(0.46984641142264,0.813797856337923,0.342019588171597));
#1141=DIRECTION('ref_axis',(-0.866025403784439,0.5,5.94836580237393E-16));
#1142=DIRECTION('center_axis',(0.46984641142264,0.813797856337923,0.342019588171597));
#1143=DIRECTION('ref_axis',(0.866025403784438,-0.500000000000001,-1.12696961300418E-16));
#1144=DIRECTION('',(-0.866025403784439,0.5,5.94836580237393E-16));
#1145=DIRECTION('',(-0.171009794085799,-0.296197651948495,0.93969282284528));
#1146=DIRECTION('center_axis',(-0.469846411422639,-0.813797856337924,-0.342019588171597));
#1147=DIRECTION('ref_axis',(0.866025403784439,-0.499999999999999,3.14455623649753E-18));
#1148=DIRECTION('center_axis',(-0.469846411422639,-0.813797856337924,-0.342019588171597));
#1149=DIRECTION('ref_axis',(0.866025403784438,-0.500000000000001,-1.12696961300418E-16));
#1150=DIRECTION('',(-0.171009794085799,-0.296197651948495,0.93969282284528));
#1151=DIRECTION('',(0.866025403784439,-0.499999999999999,3.14455623649732E-18));
#1152=DIRECTION('center_axis',(-0.469846411422639,-0.813797856337924,-0.342019588171597));
#1153=DIRECTION('ref_axis',(0.866025403784439,-0.499999999999999,3.14455623649753E-18));
#1154=DIRECTION('center_axis',(0.469846411422639,0.813797856337924,0.342019588171597));
#1155=DIRECTION('ref_axis',(0.866025403784439,-0.5,1.64731787111744E-16));
#1156=DIRECTION('center_axis',(-0.469846411422639,-0.813797856337924,-0.342019588171597));
#1157=DIRECTION('ref_axis',(0.866025403784439,-0.499999999999999,3.14455623649753E-18));
#1158=DIRECTION('center_axis',(-0.469846411422639,-0.813797856337924,-0.342019588171597));
#1159=DIRECTION('ref_axis',(0.866025403784438,-0.500000000000001,-1.12696961300418E-16));
#1160=DIRECTION('',(0.866025403784439,-0.499999999999999,3.14455623649732E-18));
#1161=DIRECTION('center_axis',(0.46984641142264,0.813797856337923,0.342019588171597));
#1162=DIRECTION('ref_axis',(-0.866025403784439,0.5,5.94836580237393E-16));
#1163=DIRECTION('center_axis',(0.46984641142264,0.813797856337923,0.342019588171597));
#1164=DIRECTION('ref_axis',(0.866025403784438,-0.500000000000001,-1.12696961300418E-16));
#1165=DIRECTION('',(-0.866025403784439,0.5,5.94836580237393E-16));
#1166=DIRECTION('',(-0.866025403784439,0.5,-1.81967995048283E-15));
#1167=DIRECTION('center_axis',(-0.866025403784438,0.500000000000001,-7.1297234537702E-17));
#1168=DIRECTION('ref_axis',(-1.11699938559701E-15,-2.07729415695265E-15,
-1.));
#1169=DIRECTION('',(-0.469846411422641,-0.813797856337923,-0.342019588171595));
#1170=DIRECTION('',(0.5,0.866025403784439,-2.35748920385248E-15));
#1171=DIRECTION('center_axis',(-0.469846411422641,-0.813797856337925,-0.342019588171591));
#1172=DIRECTION('ref_axis',(0.866025403784439,-0.5,1.64731787111744E-16));
#1173=DIRECTION('center_axis',(-0.469846411422641,-0.813797856337923,-0.342019588171595));
#1174=DIRECTION('ref_axis',(0.866025403784439,-0.5,1.64731787111744E-16));
#1175=DIRECTION('',(0.469846411422641,0.813797856337925,0.342019588171591));
#1176=DIRECTION('center_axis',(0.469846411422641,0.813797856337923,0.342019588171595));
#1177=DIRECTION('ref_axis',(0.866025403784439,-0.5,7.12972345377004E-17));
#1178=DIRECTION('center_axis',(0.469846411422641,0.813797856337923,0.342019588171595));
#1179=DIRECTION('ref_axis',(0.866025403784439,-0.5,7.12972345377004E-17));
#1180=DIRECTION('center_axis',(-0.469846411422641,-0.813797856337923,-0.342019588171595));
#1181=DIRECTION('ref_axis',(0.866025403784438,-0.5,7.12972345377008E-17));
#1182=DIRECTION('center_axis',(-0.469846411422641,-0.813797856337923,-0.342019588171595));
#1183=DIRECTION('ref_axis',(0.866025403784438,-0.5,9.53342681174953E-17));
#1184=DIRECTION('center_axis',(-0.469846411422641,-0.813797856337923,-0.342019588171595));
#1185=DIRECTION('ref_axis',(0.866025403784439,-0.5,9.53342681174952E-17));
#1186=DIRECTION('center_axis',(0.469846411422641,0.813797856337923,0.342019588171595));
#1187=DIRECTION('ref_axis',(0.866025403784438,-0.500000000000001,-1.12696961300418E-16));
#1188=DIRECTION('center_axis',(0.469846411422641,0.813797856337923,0.342019588171595));
#1189=DIRECTION('ref_axis',(0.866025403784438,-0.5,6.75786925018665E-17));
#1190=DIRECTION('',(-0.469846411422641,-0.813797856337923,-0.342019588171595));
#1191=DIRECTION('center_axis',(-0.469846411422641,-0.813797856337923,-0.342019588171595));
#1192=DIRECTION('ref_axis',(0.866025403784438,-0.5,6.75786925018664E-17));
#1193=DIRECTION('center_axis',(-2.27148379939195E-15,-2.20262964788854E-16,
-1.));
#1194=DIRECTION('ref_axis',(0.5,-0.866025403784439,-9.44988576675948E-16));
#1195=DIRECTION('center_axis',(-2.35748920385248E-15,-7.12972345377002E-17,
-1.));
#1196=DIRECTION('ref_axis',(0.5,-0.866025403784439,-1.11699938559701E-15));
#1197=DIRECTION('',(2.27148379939195E-15,2.20262964788854E-16,1.));
#1198=DIRECTION('center_axis',(-0.171009794085799,0.296197651948498,0.939692822845279));
#1199=DIRECTION('ref_axis',(0.866025403784438,0.5,-1.33986310763986E-15));
#1200=DIRECTION('',(0.866025403784438,0.5,-1.3539540424163E-15));
#1201=DIRECTION('',(0.469846411422641,-0.813797856337924,0.342019588171593));
#1202=DIRECTION('',(-0.866025403784438,-0.500000000000002,1.96559981972938E-15));
#1203=DIRECTION('',(-0.469846411422641,0.813797856337924,-0.342019588171593));
#1204=DIRECTION('center_axis',(0.46984641142264,-0.813797856337922,0.342019588171599));
#1205=DIRECTION('ref_axis',(-0.866025403784439,-0.5,1.82660258147278E-15));
#1206=DIRECTION('center_axis',(-0.469846411422641,0.813797856337922,-0.342019588171598));
#1207=DIRECTION('ref_axis',(-0.866025403784439,-0.5,2.00227838037911E-15));
#1208=DIRECTION('',(-0.46984641142264,0.813797856337922,-0.342019588171599));
#1209=DIRECTION('center_axis',(-0.469846411422641,0.813797856337922,-0.342019588171598));
#1210=DIRECTION('ref_axis',(-0.866025403784439,-0.5,1.82660258147278E-15));
#1211=DIRECTION('center_axis',(-0.866025403784439,-0.5,2.00599692241495E-15));
#1212=DIRECTION('ref_axis',(1.11699938559701E-15,2.07729415695265E-15,1.));
#1213=DIRECTION('',(0.46984641142264,-0.813797856337922,0.342019588171598));
#1214=DIRECTION('',(-0.171009794085798,0.296197651948499,0.939692822845279));
#1215=DIRECTION('',(0.5,-0.866025403784438,1.24048981825547E-15));
#1216=DIRECTION('',(-0.171009794085798,0.296197651948499,0.939692822845279));
#1217=DIRECTION('center_axis',(0.46984641142264,-0.813797856337921,0.3420195881716));
#1218=DIRECTION('ref_axis',(0.866025403784439,0.5,-1.33986310763986E-15));
#1219=DIRECTION('center_axis',(0.46984641142264,-0.813797856337921,0.3420195881716));
#1220=DIRECTION('ref_axis',(-0.866025403784439,-0.5,1.82200272657683E-15));
#1221=DIRECTION('',(0.866025403784438,0.5,-1.33986310763986E-15));
#1222=DIRECTION('',(-0.171009794085798,0.296197651948499,0.939692822845279));
#1223=DIRECTION('center_axis',(-0.469846411422642,0.81379785633792,-0.3420195881716));
#1224=DIRECTION('ref_axis',(-0.866025403784438,-0.500000000000002,1.93784424411375E-15));
#1225=DIRECTION('center_axis',(-0.469846411422642,0.81379785633792,-0.3420195881716));
#1226=DIRECTION('ref_axis',(-0.866025403784439,-0.5,1.82200272657683E-15));
#1227=DIRECTION('',(-0.171009794085798,0.296197651948499,0.939692822845279));
#1228=DIRECTION('',(-0.866025403784438,-0.500000000000002,1.93784424411375E-15));
#1229=DIRECTION('center_axis',(-0.469846411422642,0.81379785633792,-0.3420195881716));
#1230=DIRECTION('ref_axis',(-0.866025403784438,-0.500000000000002,1.93784424411375E-15));
#1231=DIRECTION('center_axis',(0.469846411422642,-0.81379785633792,0.3420195881716));
#1232=DIRECTION('ref_axis',(-0.866025403784439,-0.5,1.97087701103111E-15));
#1233=DIRECTION('center_axis',(-0.469846411422642,0.81379785633792,-0.3420195881716));
#1234=DIRECTION('ref_axis',(-0.866025403784438,-0.500000000000002,1.93784424411375E-15));
#1235=DIRECTION('center_axis',(-0.469846411422642,0.81379785633792,-0.3420195881716));
#1236=DIRECTION('ref_axis',(-0.866025403784439,-0.5,1.82200272657683E-15));
#1237=DIRECTION('',(-0.866025403784438,-0.500000000000002,1.93784424411375E-15));
#1238=DIRECTION('center_axis',(0.46984641142264,-0.813797856337921,0.3420195881716));
#1239=DIRECTION('ref_axis',(0.866025403784439,0.5,-1.33986310763986E-15));
#1240=DIRECTION('center_axis',(0.46984641142264,-0.813797856337921,0.3420195881716));
#1241=DIRECTION('ref_axis',(-0.866025403784439,-0.5,1.82200272657683E-15));
#1242=DIRECTION('',(0.866025403784438,0.5,-1.33986310763986E-15));
#1243=DIRECTION('',(0.866025403784438,0.5,-3.75437963836008E-15));
#1244=DIRECTION('center_axis',(0.866025403784439,0.5,-2.00599692241495E-15));
#1245=DIRECTION('ref_axis',(-1.11699938559701E-15,-2.07729415695265E-15,
-1.));
#1246=DIRECTION('',(-0.46984641142264,0.813797856337922,-0.342019588171598));
#1247=DIRECTION('',(2.27148379939195E-15,2.20262964788854E-16,1.));
#1248=DIRECTION('',(0.5,-0.866025403784438,1.24048981825547E-15));
#1249=DIRECTION('center_axis',(-0.469846411422642,0.813797856337924,-0.342019588171593));
#1250=DIRECTION('ref_axis',(-0.866025403784439,-0.5,1.97087701103111E-15));
#1251=DIRECTION('center_axis',(-0.469846411422641,0.813797856337922,-0.342019588171598));
#1252=DIRECTION('ref_axis',(-0.866025403784439,-0.5,1.97087701103111E-15));
#1253=DIRECTION('',(0.469846411422641,-0.813797856337924,0.342019588171593));
#1254=DIRECTION('center_axis',(0.469846411422641,-0.813797856337922,0.342019588171598));
#1255=DIRECTION('ref_axis',(-0.866025403784438,-0.5,2.00599692241495E-15));
#1256=DIRECTION('center_axis',(0.469846411422641,-0.813797856337922,0.342019588171598));
#1257=DIRECTION('ref_axis',(-0.866025403784438,-0.5,2.00599692241495E-15));
#1258=DIRECTION('center_axis',(-0.469846411422641,0.813797856337922,-0.342019588171598));
#1259=DIRECTION('ref_axis',(-0.866025403784439,-0.5,2.00599692241495E-15));
#1260=DIRECTION('center_axis',(-0.469846411422641,0.813797856337922,-0.342019588171598));
#1261=DIRECTION('ref_axis',(-0.866025403784439,-0.5,2.03003395599474E-15));
#1262=DIRECTION('center_axis',(-0.469846411422641,0.813797856337922,-0.342019588171598));
#1263=DIRECTION('ref_axis',(-0.866025403784439,-0.5,2.03003395599474E-15));
#1264=DIRECTION('center_axis',(0.46984641142264,-0.813797856337922,0.342019588171599));
#1265=DIRECTION('ref_axis',(-0.866025403784439,-0.5,1.82200272657683E-15));
#1266=DIRECTION('center_axis',(0.469846411422641,-0.813797856337922,0.342019588171598));
#1267=DIRECTION('ref_axis',(-0.866025403784439,-0.5,2.00227838037911E-15));
#1268=DIRECTION('',(-0.46984641142264,0.813797856337922,-0.342019588171599));
#1269=DIRECTION('center_axis',(-0.469846411422641,0.813797856337922,-0.342019588171598));
#1270=DIRECTION('ref_axis',(-0.866025403784439,-0.5,2.00227838037911E-15));
#1271=DIRECTION('center_axis',(-2.27148379939195E-15,-2.20262964788854E-16,
-1.));
#1272=DIRECTION('ref_axis',(0.5,-0.866025403784439,-9.44988576675948E-16));
#1273=DIRECTION('',(-2.27148379939195E-15,-2.20262964788854E-16,-1.));
#1274=DIRECTION('center_axis',(-2.35748920385248E-15,-7.12972345377002E-17,
-1.));
#1275=DIRECTION('ref_axis',(0.5,-0.866025403784439,-1.11699938559701E-15));
#1276=DIRECTION('center_axis',(2.35748920385248E-15,7.12972345377002E-17,
1.));
#1277=DIRECTION('ref_axis',(0.5,-0.866025403784439,-1.11699938559701E-15));
#1278=DIRECTION('',(-1.,-6.10622663543836E-16,1.11699938559702E-15));
#1279=DIRECTION('',(-1.,-6.10622663543836E-16,1.11699938559702E-15));
#1280=DIRECTION('center_axis',(1.66533453693773E-16,1.,-2.07729415695265E-15));
#1281=DIRECTION('ref_axis',(1.11699938559701E-15,2.07729415695265E-15,1.));
#1282=DIRECTION('center_axis',(-1.66533453693773E-16,-1.,2.07729415695265E-15));
#1283=DIRECTION('ref_axis',(-1.11699938559701E-15,-2.07729415695265E-15,
-1.));
#1284=CARTESIAN_POINT('',(0.,0.,0.));
#1285=CARTESIAN_POINT('Origin',(1.67091726143549,1.89239349033224E-15,0.546583357203867));
#1286=CARTESIAN_POINT('',(1.74139422314889,0.0321539238436158,0.520931888090998));
#1287=CARTESIAN_POINT('',(1.74139422314889,-0.0321539238435994,0.520931888090998));
#1288=CARTESIAN_POINT('',(1.74139422314889,5.07361586792531E-15,0.520931888090998));
#1289=CARTESIAN_POINT('',(1.76488654372002,-0.032153923843598,0.512381398386708));
#1290=CARTESIAN_POINT('',(1.74139422314889,-0.0321539238435969,0.520931888090997));
#1291=CARTESIAN_POINT('',(1.76488654372002,0.0321539238436145,0.512381398386708));
#1292=CARTESIAN_POINT('',(1.76488654372002,0.200000000000002,0.512381398386707));
#1293=CARTESIAN_POINT('',(1.74139422314889,0.0321539238436135,0.520931888090997));
#1294=CARTESIAN_POINT('Origin',(1.64446209590351,8.81778236395502E-15,0.766279168265742));
#1295=CARTESIAN_POINT('',(1.62096977533237,-0.249999999999991,0.774829657970032));
#1296=CARTESIAN_POINT('Origin',(1.62096977533237,9.09780165364859E-15,0.774829657970032));
#1297=CARTESIAN_POINT('',(1.80890833990143,-0.249999999999991,0.706425740335712));
#1298=CARTESIAN_POINT('',(1.64446209590351,-0.249999999999991,0.766279168265742));
#1299=CARTESIAN_POINT('Origin',(1.80890833990143,8.60603005204512E-15,0.706425740335712));
#1300=CARTESIAN_POINT('Origin',(1.53330572974774,0.200000000000002,0.460879000841026));
#1301=CARTESIAN_POINT('',(1.53330572974774,7.74628070164501E-15,0.460879000841026));
#1302=CARTESIAN_POINT('',(1.5568456488788,-0.199999999999998,0.525554515995218));
#1303=CARTESIAN_POINT('Origin',(1.64446209590351,8.73036322815776E-15,0.766279168265742));
#1304=CARTESIAN_POINT('',(1.53330572974774,-0.199999999999999,0.460879000841027));
#1305=CARTESIAN_POINT('',(1.53330572974774,-0.199999999999998,0.460879000841026));
#1306=CARTESIAN_POINT('',(1.53330572974774,-0.199999999999999,0.460879000841027));
#1307=CARTESIAN_POINT('Origin',(1.72124429431679,-0.199999999999998,0.392475083206706));
#1308=CARTESIAN_POINT('',(1.74478421344786,-0.199999999999998,0.457150598360897));
#1309=CARTESIAN_POINT('',(1.72124429431679,7.69160477902782E-15,0.392475083206706));
#1310=CARTESIAN_POINT('Origin',(1.83240066047256,8.58826816974332E-15,0.697875250631422));
#1311=CARTESIAN_POINT('',(1.72124429431679,-0.199999999999999,0.392475083206706));
#1312=CARTESIAN_POINT('',(1.72124429431679,-0.199999999999999,0.392475083206706));
#1313=CARTESIAN_POINT('',(1.72124429431679,0.200000000000001,0.392475083206705));
#1314=CARTESIAN_POINT('Origin',(1.72124429431679,-0.199999999999998,0.392475083206706));
#1315=CARTESIAN_POINT('Origin',(1.83240066047256,8.41342989814881E-15,0.697875250631422));
#1316=CARTESIAN_POINT('Origin',(1.72124429431679,-0.199999999999998,0.392475083206706));
#1317=CARTESIAN_POINT('',(1.74478421344786,0.200000000000001,0.457150598360888));
#1318=CARTESIAN_POINT('Origin',(1.83240066047256,8.58826816974332E-15,0.697875250631422));
#1319=CARTESIAN_POINT('',(1.72124429431679,0.200000000000001,0.392475083206705));
#1320=CARTESIAN_POINT('',(1.72124429431679,0.200000000000001,0.392475083206705));
#1321=CARTESIAN_POINT('',(1.72124429431679,0.200000000000001,0.392475083206705));
#1322=CARTESIAN_POINT('Origin',(1.53330572974774,0.200000000000002,0.460879000841026));
#1323=CARTESIAN_POINT('',(1.5568456488788,0.200000000000001,0.525554515995207));
#1324=CARTESIAN_POINT('Origin',(1.64446209590351,8.73036322815776E-15,0.766279168265742));
#1325=CARTESIAN_POINT('',(1.53330572974774,0.200000000000001,0.460879000841026));
#1326=CARTESIAN_POINT('',(1.53330572974774,0.200000000000001,0.460879000841026));
#1327=CARTESIAN_POINT('',(1.53330572974774,-0.199999999999998,0.460879000841026));
#1328=CARTESIAN_POINT('Ctrl Pts',(0.624999999999996,0.2,0.199999999999999));
#1329=CARTESIAN_POINT('Ctrl Pts',(0.68681293824289,0.2,0.199999999999998));
#1330=CARTESIAN_POINT('Ctrl Pts',(0.880717376632409,0.200000000000001,0.216315605567198));
#1331=CARTESIAN_POINT('Ctrl Pts',(1.19598800437236,0.200000000000001,0.275751860088607));
#1332=CARTESIAN_POINT('Ctrl Pts',(1.40134765759477,0.200000000000001,0.346658732109931));
#1333=CARTESIAN_POINT('Ctrl Pts',(1.48736082971513,0.200000000000001,0.398652190460673));
#1334=CARTESIAN_POINT('Ctrl Pts',(1.52179688376185,0.200000000000001,0.436433814075338));
#1335=CARTESIAN_POINT('Ctrl Pts',(1.53027668961001,0.200000000000001,0.45255676616217));
#1336=CARTESIAN_POINT('Ctrl Pts',(1.53330572974774,0.200000000000001,0.460879000841025));
#1337=CARTESIAN_POINT('Ctrl Pts',(0.624999999999996,0.066666666666667,0.199999999999999));
#1338=CARTESIAN_POINT('Ctrl Pts',(0.68681293824289,0.066666666666667,0.199999999999999));
#1339=CARTESIAN_POINT('Ctrl Pts',(0.880717376632409,0.0666666666666672,
0.216315605567199));
#1340=CARTESIAN_POINT('Ctrl Pts',(1.19598800437236,0.0666666666666674,0.275751860088607));
#1341=CARTESIAN_POINT('Ctrl Pts',(1.40134765759477,0.0666666666666676,0.346658732109931));
#1342=CARTESIAN_POINT('Ctrl Pts',(1.48736082971513,0.0666666666666678,0.398652190460674));
#1343=CARTESIAN_POINT('Ctrl Pts',(1.52179688376185,0.066666666666668,0.436433814075338));
#1344=CARTESIAN_POINT('Ctrl Pts',(1.53027668961001,0.0666666666666679,0.45255676616217));
#1345=CARTESIAN_POINT('Ctrl Pts',(1.53330572974774,0.066666666666668,0.460879000841026));
#1346=CARTESIAN_POINT('Ctrl Pts',(0.624999999999996,-0.0666666666666663,
0.199999999999999));
#1347=CARTESIAN_POINT('Ctrl Pts',(0.686812938242891,-0.0666666666666663,
0.199999999999999));
#1348=CARTESIAN_POINT('Ctrl Pts',(0.880717376632409,-0.0666666666666661,
0.216315605567199));
#1349=CARTESIAN_POINT('Ctrl Pts',(1.19598800437236,-0.0666666666666659,
0.275751860088608));
#1350=CARTESIAN_POINT('Ctrl Pts',(1.40134765759477,-0.0666666666666657,
0.346658732109931));
#1351=CARTESIAN_POINT('Ctrl Pts',(1.48736082971513,-0.0666666666666654,
0.398652190460674));
#1352=CARTESIAN_POINT('Ctrl Pts',(1.52179688376185,-0.0666666666666654,
0.436433814075339));
#1353=CARTESIAN_POINT('Ctrl Pts',(1.53027668961001,-0.0666666666666653,
0.45255676616217));
#1354=CARTESIAN_POINT('Ctrl Pts',(1.53330572974774,-0.0666666666666653,
0.460879000841026));
#1355=CARTESIAN_POINT('Ctrl Pts',(0.624999999999996,-0.2,0.199999999999999));
#1356=CARTESIAN_POINT('Ctrl Pts',(0.686812938242891,-0.2,0.199999999999999));
#1357=CARTESIAN_POINT('Ctrl Pts',(0.880717376632409,-0.199999999999999,
0.216315605567199));
#1358=CARTESIAN_POINT('Ctrl Pts',(1.19598800437236,-0.199999999999999,0.275751860088608));
#1359=CARTESIAN_POINT('Ctrl Pts',(1.40134765759477,-0.199999999999999,0.346658732109932));
#1360=CARTESIAN_POINT('Ctrl Pts',(1.48736082971513,-0.199999999999999,0.398652190460675));
#1361=CARTESIAN_POINT('Ctrl Pts',(1.52179688376185,-0.199999999999999,0.436433814075339));
#1362=CARTESIAN_POINT('Ctrl Pts',(1.53027668961001,-0.199999999999999,0.45255676616217));
#1363=CARTESIAN_POINT('Ctrl Pts',(1.53330572974774,-0.199999999999999,0.460879000841026));
#1364=CARTESIAN_POINT('',(0.624999999999996,-0.2,0.199999999999999));
#1365=CARTESIAN_POINT('',(0.624999999999996,0.2,0.199999999999999));
#1366=CARTESIAN_POINT('',(0.624999999999996,-0.2,0.199999999999999));
#1367=CARTESIAN_POINT('Ctrl Pts',(0.624999999999996,-0.2,0.199999999999999));
#1368=CARTESIAN_POINT('Ctrl Pts',(0.686812938242891,-0.2,0.199999999999999));
#1369=CARTESIAN_POINT('Ctrl Pts',(0.880717376632409,-0.199999999999999,
0.216315605567199));
#1370=CARTESIAN_POINT('Ctrl Pts',(1.19598800437236,-0.199999999999999,0.275751860088608));
#1371=CARTESIAN_POINT('Ctrl Pts',(1.40134765759477,-0.199999999999999,0.346658732109932));
#1372=CARTESIAN_POINT('Ctrl Pts',(1.48736082971513,-0.199999999999999,0.398652190460675));
#1373=CARTESIAN_POINT('Ctrl Pts',(1.52179688376185,-0.199999999999999,0.436433814075339));
#1374=CARTESIAN_POINT('Ctrl Pts',(1.53027668961001,-0.199999999999999,0.45255676616217));
#1375=CARTESIAN_POINT('Ctrl Pts',(1.53330572974774,-0.199999999999999,0.460879000841026));
#1376=CARTESIAN_POINT('Ctrl Pts',(0.624999999999996,0.2,0.199999999999999));
#1377=CARTESIAN_POINT('Ctrl Pts',(0.68681293824289,0.2,0.199999999999998));
#1378=CARTESIAN_POINT('Ctrl Pts',(0.880717376632409,0.200000000000001,0.216315605567198));
#1379=CARTESIAN_POINT('Ctrl Pts',(1.19598800437236,0.200000000000001,0.275751860088607));
#1380=CARTESIAN_POINT('Ctrl Pts',(1.40134765759477,0.200000000000001,0.346658732109931));
#1381=CARTESIAN_POINT('Ctrl Pts',(1.48736082971513,0.200000000000001,0.398652190460673));
#1382=CARTESIAN_POINT('Ctrl Pts',(1.52179688376185,0.200000000000001,0.436433814075338));
#1383=CARTESIAN_POINT('Ctrl Pts',(1.53027668961001,0.200000000000001,0.45255676616217));
#1384=CARTESIAN_POINT('Ctrl Pts',(1.53330572974774,0.200000000000001,0.460879000841025));
#1385=CARTESIAN_POINT('Ctrl Pts',(0.624999999999996,-0.2,-9.83465277719135E-16));
#1386=CARTESIAN_POINT('Ctrl Pts',(0.664043110593467,-0.2,-1.01446003473733E-15));
#1387=CARTESIAN_POINT('Ctrl Pts',(0.75326612169484,-0.2,0.0045910101930811));
#1388=CARTESIAN_POINT('Ctrl Pts',(0.97572234537847,-0.2,0.0307253688359244));
#1389=CARTESIAN_POINT('Ctrl Pts',(1.24101258977999,-0.199999999999999,0.0800823229653849));
#1390=CARTESIAN_POINT('Ctrl Pts',(1.47941744247296,-0.199999999999999,0.161433029036833));
#1391=CARTESIAN_POINT('Ctrl Pts',(1.6049927247591,-0.199999999999999,0.233387122359604));
#1392=CARTESIAN_POINT('Ctrl Pts',(1.68372597413673,-0.199999999999999,0.314904622290458));
#1393=CARTESIAN_POINT('Ctrl Pts',(1.71145480587818,-0.199999999999999,0.365578635332865));
#1394=CARTESIAN_POINT('Ctrl Pts',(1.72124429431679,-0.199999999999999,0.392475083206706));
#1395=CARTESIAN_POINT('Ctrl Pts',(0.624999999999996,-0.0666666666666665,
-1.02732013652014E-15));
#1396=CARTESIAN_POINT('Ctrl Pts',(0.664043110593467,-0.0666666666666665,
-1.05650819619726E-15));
#1397=CARTESIAN_POINT('Ctrl Pts',(0.75326612169484,-0.0666666666666664,
0.00459101019308105));
#1398=CARTESIAN_POINT('Ctrl Pts',(0.97572234537847,-0.0666666666666663,
0.0307253688359243));
#1399=CARTESIAN_POINT('Ctrl Pts',(1.24101258977999,-0.0666666666666661,
0.0800823229653848));
#1400=CARTESIAN_POINT('Ctrl Pts',(1.47941744247296,-0.0666666666666658,
0.161433029036833));
#1401=CARTESIAN_POINT('Ctrl Pts',(1.6049927247591,-0.0666666666666655,0.233387122359603));
#1402=CARTESIAN_POINT('Ctrl Pts',(1.68372597413673,-0.0666666666666653,
0.314904622290458));
#1403=CARTESIAN_POINT('Ctrl Pts',(1.71145480587818,-0.0666666666666653,
0.365578635332865));
#1404=CARTESIAN_POINT('Ctrl Pts',(1.72124429431679,-0.0666666666666652,
0.392475083206706));
#1405=CARTESIAN_POINT('Ctrl Pts',(0.624999999999996,0.0666666666666668,
-1.07073912261402E-15));
#1406=CARTESIAN_POINT('Ctrl Pts',(0.664043110593466,0.0666666666666668,
-1.09812048495007E-15));
#1407=CARTESIAN_POINT('Ctrl Pts',(0.75326612169484,0.066666666666667,0.00459101019308103));
#1408=CARTESIAN_POINT('Ctrl Pts',(0.97572234537847,0.066666666666667,0.0307253688359243));
#1409=CARTESIAN_POINT('Ctrl Pts',(1.24101258977999,0.0666666666666673,0.0800823229653849));
#1410=CARTESIAN_POINT('Ctrl Pts',(1.47941744247296,0.0666666666666675,0.161433029036833));
#1411=CARTESIAN_POINT('Ctrl Pts',(1.6049927247591,0.0666666666666678,0.233387122359603));
#1412=CARTESIAN_POINT('Ctrl Pts',(1.68372597413673,0.066666666666668,0.314904622290458));
#1413=CARTESIAN_POINT('Ctrl Pts',(1.71145480587818,0.0666666666666681,0.365578635332865));
#1414=CARTESIAN_POINT('Ctrl Pts',(1.72124429431679,0.0666666666666681,0.392475083206706));
#1415=CARTESIAN_POINT('Ctrl Pts',(0.624999999999996,0.2,-1.11459398141502E-15));
#1416=CARTESIAN_POINT('Ctrl Pts',(0.664043110593466,0.2,-1.14016864641E-15));
#1417=CARTESIAN_POINT('Ctrl Pts',(0.75326612169484,0.2,0.00459101019308097));
#1418=CARTESIAN_POINT('Ctrl Pts',(0.97572234537847,0.2,0.0307253688359242));
#1419=CARTESIAN_POINT('Ctrl Pts',(1.24101258977999,0.200000000000001,0.0800823229653847));
#1420=CARTESIAN_POINT('Ctrl Pts',(1.47941744247296,0.200000000000001,0.161433029036833));
#1421=CARTESIAN_POINT('Ctrl Pts',(1.6049927247591,0.200000000000001,0.233387122359603));
#1422=CARTESIAN_POINT('Ctrl Pts',(1.68372597413673,0.200000000000001,0.314904622290458));
#1423=CARTESIAN_POINT('Ctrl Pts',(1.71145480587818,0.200000000000001,0.365578635332865));
#1424=CARTESIAN_POINT('Ctrl Pts',(1.72124429431679,0.200000000000002,0.392475083206706));
#1425=CARTESIAN_POINT('',(0.624999999999996,0.2,-1.11358344738866E-15));
#1426=CARTESIAN_POINT('',(0.624999999999996,-0.2,-9.82018870985651E-16));
#1427=CARTESIAN_POINT('',(0.624999999999996,0.2,-1.11358344738866E-15));
#1428=CARTESIAN_POINT('Ctrl Pts',(0.624999999999996,0.2,-1.11459398141502E-15));
#1429=CARTESIAN_POINT('Ctrl Pts',(0.664043110593466,0.2,-1.14016864641E-15));
#1430=CARTESIAN_POINT('Ctrl Pts',(0.75326612169484,0.2,0.00459101019308097));
#1431=CARTESIAN_POINT('Ctrl Pts',(0.97572234537847,0.2,0.0307253688359242));
#1432=CARTESIAN_POINT('Ctrl Pts',(1.24101258977999,0.200000000000001,0.0800823229653847));
#1433=CARTESIAN_POINT('Ctrl Pts',(1.47941744247296,0.200000000000001,0.161433029036833));
#1434=CARTESIAN_POINT('Ctrl Pts',(1.6049927247591,0.200000000000001,0.233387122359603));
#1435=CARTESIAN_POINT('Ctrl Pts',(1.68372597413673,0.200000000000001,0.314904622290458));
#1436=CARTESIAN_POINT('Ctrl Pts',(1.71145480587818,0.200000000000001,0.365578635332865));
#1437=CARTESIAN_POINT('Ctrl Pts',(1.72124429431679,0.200000000000002,0.392475083206706));
#1438=CARTESIAN_POINT('Ctrl Pts',(0.624999999999996,-0.2,-9.83465277719135E-16));
#1439=CARTESIAN_POINT('Ctrl Pts',(0.664043110593467,-0.2,-1.01446003473733E-15));
#1440=CARTESIAN_POINT('Ctrl Pts',(0.75326612169484,-0.2,0.0045910101930811));
#1441=CARTESIAN_POINT('Ctrl Pts',(0.97572234537847,-0.2,0.0307253688359244));
#1442=CARTESIAN_POINT('Ctrl Pts',(1.24101258977999,-0.199999999999999,0.0800823229653849));
#1443=CARTESIAN_POINT('Ctrl Pts',(1.47941744247296,-0.199999999999999,0.161433029036833));
#1444=CARTESIAN_POINT('Ctrl Pts',(1.6049927247591,-0.199999999999999,0.233387122359604));
#1445=CARTESIAN_POINT('Ctrl Pts',(1.68372597413673,-0.199999999999999,0.314904622290458));
#1446=CARTESIAN_POINT('Ctrl Pts',(1.71145480587818,-0.199999999999999,0.365578635332865));
#1447=CARTESIAN_POINT('Ctrl Pts',(1.72124429431679,-0.199999999999999,0.392475083206706));
#1448=CARTESIAN_POINT('Origin',(1.80890833990143,8.69344918784238E-15,0.706425740335712));
#1449=CARTESIAN_POINT('',(1.85589298104369,-0.199999999999991,0.689324760927133));
#1450=CARTESIAN_POINT('Origin',(1.85589298104369,8.395668015847E-15,0.689324760927132));
#1451=CARTESIAN_POINT('',(1.80890833990143,-0.199999999999991,0.706425740335713));
#1452=CARTESIAN_POINT('',(1.80890833990143,-0.199999999999991,0.706425740335712));
#1453=CARTESIAN_POINT('Origin',(1.80890833990143,8.69344918784238E-15,0.706425740335712));
#1454=CARTESIAN_POINT('Origin',(1.80890833990143,8.69344918784238E-15,0.706425740335712));
#1455=CARTESIAN_POINT('Origin',(1.80890833990143,8.69344918784238E-15,0.706425740335712));
#1456=CARTESIAN_POINT('Origin',(1.85589298104369,8.57050628744151E-15,0.689324760927132));
#1457=CARTESIAN_POINT('',(1.85589298104369,-0.324999999999991,0.689324760927133));
#1458=CARTESIAN_POINT('Origin',(1.85589298104369,8.57050628744151E-15,0.689324760927132));
#1459=CARTESIAN_POINT('Origin',(1.64446209590351,8.81778236395502E-15,0.766279168265742));
#1460=CARTESIAN_POINT('',(1.62096977533237,-0.324999999999991,0.774829657970032));
#1461=CARTESIAN_POINT('Origin',(1.62096977533237,9.09780165364859E-15,0.774829657970032));
#1462=CARTESIAN_POINT('',(1.64446209590351,-0.324999999999991,0.766279168265742));
#1463=CARTESIAN_POINT('',(1.5568456488788,0.200000000000001,0.525554515995207));
#1464=CARTESIAN_POINT('',(1.5568456488788,-0.199999999999999,0.525554515995218));
#1465=CARTESIAN_POINT('Origin',(1.62096977533237,9.09780165364859E-15,0.774829657970032));
#1466=CARTESIAN_POINT('Origin',(4.37095678986282E-16,1.425944690754E-17,
0.2));
#1467=CARTESIAN_POINT('',(-0.469273062815072,-0.41280478741914,6.82341609331473E-16));
#1468=CARTESIAN_POINT('',(-0.469273062815072,-0.412804787419139,0.200000000000001));
#1469=CARTESIAN_POINT('',(-0.469273062815072,-0.412804787419139,0.2));
#1470=CARTESIAN_POINT('',(-0.469273062815058,0.412804787419156,0.2));
#1471=CARTESIAN_POINT('Origin',(4.37095678986282E-16,1.425944690754E-17,
0.2));
#1472=CARTESIAN_POINT('',(-0.469273062815059,0.412804787419155,1.76472000910791E-15));
#1473=CARTESIAN_POINT('',(-0.469273062815058,0.412804787419156,0.2));
#1474=CARTESIAN_POINT('Origin',(-1.72010808921066E-17,-2.97931460502308E-17,
0.));
#1475=CARTESIAN_POINT('Origin',(4.37095678986282E-16,1.425944690754E-17,
0.2));
#1476=CARTESIAN_POINT('',(-0.485705080756898,-0.441265877365264,0.200000000000001));
#1477=CARTESIAN_POINT('',(-0.139294919243122,-0.641265877365264,0.200000000000001));
#1478=CARTESIAN_POINT('',(-0.485705080756898,-0.441265877365264,0.200000000000001));
#1479=CARTESIAN_POINT('',(-0.122862901301302,-0.612804787419147,0.2));
#1480=CARTESIAN_POINT('',(-0.139294919243122,-0.641265877365264,0.200000000000001));
#1481=CARTESIAN_POINT('',(0.592135964116351,-0.2,0.199999999999999));
#1482=CARTESIAN_POINT('Origin',(4.37095678986282E-16,1.425944690754E-17,
0.2));
#1483=CARTESIAN_POINT('',(0.624999999999996,-0.2,0.199999999999999));
#1484=CARTESIAN_POINT('',(0.592135964116351,0.2,0.199999999999999));
#1485=CARTESIAN_POINT('',(0.624999999999996,0.2,0.199999999999999));
#1486=CARTESIAN_POINT('',(-0.12286290130128,0.612804787419152,0.199999999999999));
#1487=CARTESIAN_POINT('Origin',(4.37095678986282E-16,1.425944690754E-17,
0.2));
#1488=CARTESIAN_POINT('',(-0.13929491924311,0.641265877365285,0.199999999999999));
#1489=CARTESIAN_POINT('',(-0.13929491924311,0.641265877365285,0.199999999999999));
#1490=CARTESIAN_POINT('',(-0.485705080756886,0.441265877365285,0.2));
#1491=CARTESIAN_POINT('',(-0.13929491924311,0.641265877365285,0.199999999999999));
#1492=CARTESIAN_POINT('',(-0.485705080756886,0.441265877365285,0.2));
#1493=CARTESIAN_POINT('',(-0.485705080756898,-0.441265877365264,0.200000000000001));
#1494=CARTESIAN_POINT('Origin',(-0.835458630717759,-1.44705679602505,0.546583357203873));
#1495=CARTESIAN_POINT('',(-0.842850996694536,-1.5241685971722,0.520931888091004));
#1496=CARTESIAN_POINT('',(-0.898543226454365,-1.4920146733286,0.520931888091004));
#1497=CARTESIAN_POINT('',(-0.870697111574453,-1.5080916352504,0.520931888091004));
#1498=CARTESIAN_POINT('',(-0.910289386739929,-1.51235961973705,0.512381398386714));
#1499=CARTESIAN_POINT('',(-0.898543226454364,-1.4920146733286,0.520931888091003));
#1500=CARTESIAN_POINT('',(-0.854597156980103,-1.54451354358065,0.512381398386714));
#1501=CARTESIAN_POINT('',(-0.709238191103134,-1.62843658165885,0.512381398386714));
#1502=CARTESIAN_POINT('',(-0.842850996694538,-1.5241685971722,0.520931888091003));
#1503=CARTESIAN_POINT('Origin',(-0.822231047951758,-1.42414595061303,0.766279168265747));
#1504=CARTESIAN_POINT('',(-1.0269912386123,-1.27880100420458,0.774829657970037));
#1505=CARTESIAN_POINT('Origin',(-0.810484887666192,-1.40380100420458,0.774829657970037));
#1506=CARTESIAN_POINT('',(-1.12096052089683,-1.44156057547217,0.706425740335718));
#1507=CARTESIAN_POINT('',(-1.03873739889787,-1.29914595061303,0.766279168265747));
#1508=CARTESIAN_POINT('Origin',(-0.90445416995072,-1.56656057547217,0.706425740335718));
#1509=CARTESIAN_POINT('Origin',(-0.139294919243122,-0.641265877365264,1.48769019931533E-15));
#1510=CARTESIAN_POINT('',(-0.699187025967052,-1.61102745296789,0.457150598360895));
#1511=CARTESIAN_POINT('',(-0.605217743682524,-1.4482678817003,0.525554515995213));
#1512=CARTESIAN_POINT('',(-0.605217743682524,-1.4482678817003,0.525554515995213));
#1513=CARTESIAN_POINT('',(-0.68741706640152,-1.59064128499735,0.392475083206712));
#1514=CARTESIAN_POINT('',(-0.68741706640152,-1.59064128499735,0.392475083206712));
#1515=CARTESIAN_POINT('',(-0.139294919243122,-0.641265877365264,1.48769019931533E-15));
#1516=CARTESIAN_POINT('Ctrl Pts',(-0.139294919243122,-0.641265877365264,
1.48612530855336E-15));
#1517=CARTESIAN_POINT('Ctrl Pts',(-0.158816474539858,-0.675078202981975,
1.61116648568111E-15));
#1518=CARTESIAN_POINT('Ctrl Pts',(-0.203427700190233,-0.752347112396345,
0.00459139479461041));
#1519=CARTESIAN_POINT('Ctrl Pts',(-0.314655719741944,-0.944999693485173,
0.0307262516367305));
#1520=CARTESIAN_POINT('Ctrl Pts',(-0.447300704994329,-1.17474754731153,
0.0800832901965149));
#1521=CARTESIAN_POINT('Ctrl Pts',(-0.566503332223457,-1.38121255406807,
0.161433667519051));
#1522=CARTESIAN_POINT('Ctrl Pts',(-0.629291134019121,-1.48996421687373,
0.233387436805606));
#1523=CARTESIAN_POINT('Ctrl Pts',(-0.668657914979046,-1.55814948162675,
0.314904629280783));
#1524=CARTESIAN_POINT('Ctrl Pts',(-0.682522322182214,-1.58216333931946,
0.365578635332871));
#1525=CARTESIAN_POINT('Ctrl Pts',(-0.68741706640152,-1.59064128499735,0.392475083206712));
#1526=CARTESIAN_POINT('',(-0.122862901301302,-0.612804787419147,1.41021358952463E-15));
#1527=CARTESIAN_POINT('',(-0.139294919243122,-0.641265877365264,1.48769019931533E-15));
#1528=CARTESIAN_POINT('',(-0.122862901301302,-0.612804787419147,0.2));
#1529=CARTESIAN_POINT('',(-0.593447784116992,-1.42788171372977,0.460879000841031));
#1530=CARTESIAN_POINT('Ctrl Pts',(-0.139294919243122,-0.641265877365263,
0.200000000000001));
#1531=CARTESIAN_POINT('Ctrl Pts',(-0.170201388364569,-0.694797452166168,
0.200000000000001));
#1532=CARTESIAN_POINT('Ctrl Pts',(-0.26715120737672,-0.862719464479819,
0.216312710997588));
#1533=CARTESIAN_POINT('Ctrl Pts',(-0.424788802058531,-1.13575578765167,
0.275750861653755));
#1534=CARTESIAN_POINT('Ctrl Pts',(-0.527468886949878,-1.31360291160896,
0.346657296616868));
#1535=CARTESIAN_POINT('Ctrl Pts',(-0.570475365741296,-1.38809231793033,
0.398651718975597));
#1536=CARTESIAN_POINT('Ctrl Pts',(-0.58769329184912,-1.41791464075005,0.436433699770629));
#1537=CARTESIAN_POINT('Ctrl Pts',(-0.59193326404813,-1.42525848802142,0.452556766162175));
#1538=CARTESIAN_POINT('Ctrl Pts',(-0.593447784116992,-1.42788171372977,
0.460879000841031));
#1539=CARTESIAN_POINT('',(-0.593447784116992,-1.42788171372977,0.460879000841031));
#1540=CARTESIAN_POINT('Origin',(-0.593447784116992,-1.42788171372977,0.460879000841031));
#1541=CARTESIAN_POINT('',(-0.766652864873874,-1.32788171372977,0.460879000841031));
#1542=CARTESIAN_POINT('',(-0.951627905196301,-1.2482678817003,0.525554515995223));
#1543=CARTESIAN_POINT('Origin',(-0.822231047951758,-1.42414595061303,0.766279168265747));
#1544=CARTESIAN_POINT('',(-0.939857945630767,-1.22788171372977,0.460879000841032));
#1545=CARTESIAN_POINT('',(-0.939857945630767,-1.22788171372977,0.460879000841031));
#1546=CARTESIAN_POINT('',(-0.939857945630767,-1.22788171372977,0.460879000841032));
#1547=CARTESIAN_POINT('Origin',(-1.0338272279153,-1.39064128499735,0.392475083206712));
#1548=CARTESIAN_POINT('',(-1.04559718748083,-1.41102745296789,0.457150598360903));
#1549=CARTESIAN_POINT('',(-0.860622147158402,-1.49064128499736,0.392475083206712));
#1550=CARTESIAN_POINT('Origin',(-0.916200330236287,-1.58690552188062,0.697875250631428));
#1551=CARTESIAN_POINT('',(-1.0338272279153,-1.39064128499735,0.392475083206712));
#1552=CARTESIAN_POINT('',(-1.0338272279153,-1.39064128499735,0.392475083206712));
#1553=CARTESIAN_POINT('',(-0.68741706640152,-1.59064128499735,0.392475083206712));
#1554=CARTESIAN_POINT('Origin',(-1.0338272279153,-1.39064128499735,0.392475083206712));
#1555=CARTESIAN_POINT('Origin',(-0.916200330236286,-1.58690552188062,0.697875250631429));
#1556=CARTESIAN_POINT('Origin',(-1.0338272279153,-1.39064128499735,0.392475083206712));
#1557=CARTESIAN_POINT('Origin',(-0.916200330236287,-1.58690552188062,0.697875250631428));
#1558=CARTESIAN_POINT('',(-0.68741706640152,-1.59064128499735,0.392475083206712));
#1559=CARTESIAN_POINT('Origin',(-0.593447784116992,-1.42788171372977,0.460879000841031));
#1560=CARTESIAN_POINT('Origin',(-0.822231047951758,-1.42414595061303,0.766279168265747));
#1561=CARTESIAN_POINT('',(-0.939857945630767,-1.22788171372977,0.460879000841031));
#1562=CARTESIAN_POINT('Ctrl Pts',(-0.139294919243122,-0.641265877365263,
0.200000000000001));
#1563=CARTESIAN_POINT('Ctrl Pts',(-0.170201388364569,-0.694797452166168,
0.200000000000001));
#1564=CARTESIAN_POINT('Ctrl Pts',(-0.26715120737672,-0.862719464479819,
0.216312710997588));
#1565=CARTESIAN_POINT('Ctrl Pts',(-0.424788802058531,-1.13575578765167,
0.275750861653755));
#1566=CARTESIAN_POINT('Ctrl Pts',(-0.527468886949878,-1.31360291160896,
0.346657296616868));
#1567=CARTESIAN_POINT('Ctrl Pts',(-0.570475365741296,-1.38809231793033,
0.398651718975597));
#1568=CARTESIAN_POINT('Ctrl Pts',(-0.58769329184912,-1.41791464075005,0.436433699770629));
#1569=CARTESIAN_POINT('Ctrl Pts',(-0.59193326404813,-1.42525848802142,0.452556766162175));
#1570=CARTESIAN_POINT('Ctrl Pts',(-0.593447784116992,-1.42788171372977,
0.460879000841031));
#1571=CARTESIAN_POINT('Ctrl Pts',(-0.254764973081047,-0.574599210698597,
0.200000000000001));
#1572=CARTESIAN_POINT('Ctrl Pts',(-0.285671442202495,-0.628130785499502,
0.200000000000001));
#1573=CARTESIAN_POINT('Ctrl Pts',(-0.382621261214644,-0.796052797813152,
0.216312710997588));
#1574=CARTESIAN_POINT('Ctrl Pts',(-0.540258855896455,-1.069089120985,0.275750861653754));
#1575=CARTESIAN_POINT('Ctrl Pts',(-0.642938940787803,-1.2469362449423,0.346657296616867));
#1576=CARTESIAN_POINT('Ctrl Pts',(-0.68594541957922,-1.32142565126367,0.398651718975595));
#1577=CARTESIAN_POINT('Ctrl Pts',(-0.703163345687045,-1.35124797408338,
0.43643369977063));
#1578=CARTESIAN_POINT('Ctrl Pts',(-0.707403317886055,-1.35859182135475,
0.452556766162175));
#1579=CARTESIAN_POINT('Ctrl Pts',(-0.708917837954917,-1.3612150470631,0.460879000841031));
#1580=CARTESIAN_POINT('Ctrl Pts',(-0.370235026918972,-0.50793254403193,
0.200000000000001));
#1581=CARTESIAN_POINT('Ctrl Pts',(-0.40114149604042,-0.561464118832836,
0.200000000000001));
#1582=CARTESIAN_POINT('Ctrl Pts',(-0.498091315052569,-0.729386131146485,
0.216312710997587));
#1583=CARTESIAN_POINT('Ctrl Pts',(-0.65572890973438,-1.00242245431833,0.275750861653754));
#1584=CARTESIAN_POINT('Ctrl Pts',(-0.758408994625728,-1.18026957827563,
0.346657296616867));
#1585=CARTESIAN_POINT('Ctrl Pts',(-0.801415473417144,-1.254758984597,0.398651718975594));
#1586=CARTESIAN_POINT('Ctrl Pts',(-0.818633399524971,-1.28458130741672,
0.436433699770631));
#1587=CARTESIAN_POINT('Ctrl Pts',(-0.82287337172398,-1.29192515468808,0.452556766162176));
#1588=CARTESIAN_POINT('Ctrl Pts',(-0.824387891792842,-1.29454838039644,
0.460879000841031));
#1589=CARTESIAN_POINT('Ctrl Pts',(-0.485705080756897,-0.441265877365263,
0.200000000000001));
#1590=CARTESIAN_POINT('Ctrl Pts',(-0.516611549878345,-0.49479745216617,
0.200000000000001));
#1591=CARTESIAN_POINT('Ctrl Pts',(-0.613561368890494,-0.662719464479817,
0.216312710997587));
#1592=CARTESIAN_POINT('Ctrl Pts',(-0.771198963572305,-0.935755787651665,
0.275750861653753));
#1593=CARTESIAN_POINT('Ctrl Pts',(-0.873879048463653,-1.11360291160896,
0.346657296616867));
#1594=CARTESIAN_POINT('Ctrl Pts',(-0.916885527255068,-1.18809231793033,
0.398651718975592));
#1595=CARTESIAN_POINT('Ctrl Pts',(-0.934103453362897,-1.21791464075005,
0.436433699770632));
#1596=CARTESIAN_POINT('Ctrl Pts',(-0.938343425561905,-1.22525848802142,
0.452556766162176));
#1597=CARTESIAN_POINT('Ctrl Pts',(-0.939857945630767,-1.22788171372977,
0.460879000841031));
#1598=CARTESIAN_POINT('Ctrl Pts',(-0.485705080756897,-0.441265877365263,
0.200000000000001));
#1599=CARTESIAN_POINT('Ctrl Pts',(-0.516611549878345,-0.49479745216617,
0.200000000000001));
#1600=CARTESIAN_POINT('Ctrl Pts',(-0.613561368890494,-0.662719464479817,
0.216312710997587));
#1601=CARTESIAN_POINT('Ctrl Pts',(-0.771198963572305,-0.935755787651665,
0.275750861653753));
#1602=CARTESIAN_POINT('Ctrl Pts',(-0.873879048463653,-1.11360291160896,
0.346657296616867));
#1603=CARTESIAN_POINT('Ctrl Pts',(-0.916885527255068,-1.18809231793033,
0.398651718975592));
#1604=CARTESIAN_POINT('Ctrl Pts',(-0.934103453362897,-1.21791464075005,
0.436433699770632));
#1605=CARTESIAN_POINT('Ctrl Pts',(-0.938343425561905,-1.22525848802142,
0.452556766162176));
#1606=CARTESIAN_POINT('Ctrl Pts',(-0.939857945630767,-1.22788171372977,
0.460879000841031));
#1607=CARTESIAN_POINT('Ctrl Pts',(-0.485705080756897,-0.441265877365264,
7.4306265427668E-16));
#1608=CARTESIAN_POINT('Ctrl Pts',(-0.505226636053633,-0.475078202981976,
8.48833387335518E-16));
#1609=CARTESIAN_POINT('Ctrl Pts',(-0.549837861704009,-0.552347112396346,
0.00459139479460979));
#1610=CARTESIAN_POINT('Ctrl Pts',(-0.661065881255719,-0.744999693485172,
0.0307262516367292));
#1611=CARTESIAN_POINT('Ctrl Pts',(-0.793710866508104,-0.974747547311528,
0.0800832901965128));
#1612=CARTESIAN_POINT('Ctrl Pts',(-0.912913493737232,-1.18121255406807,
0.161433667519049));
#1613=CARTESIAN_POINT('Ctrl Pts',(-0.975701295532894,-1.28996421687372,
0.2333874368056));
#1614=CARTESIAN_POINT('Ctrl Pts',(-1.01506807649282,-1.35814948162675,0.314904629280785));
#1615=CARTESIAN_POINT('Ctrl Pts',(-1.02893248369599,-1.38216333931946,0.365578635332871));
#1616=CARTESIAN_POINT('Ctrl Pts',(-1.03382722791529,-1.39064128499735,0.392475083206711));
#1617=CARTESIAN_POINT('Ctrl Pts',(-0.370235026918972,-0.507932544031931,
9.85686647674391E-16));
#1618=CARTESIAN_POINT('Ctrl Pts',(-0.389756582215708,-0.541744869648642,
1.09788086208953E-15));
#1619=CARTESIAN_POINT('Ctrl Pts',(-0.434367807866084,-0.619013779063012,
0.00459139479460999));
#1620=CARTESIAN_POINT('Ctrl Pts',(-0.545595827417794,-0.811666360151839,
0.0307262516367296));
#1621=CARTESIAN_POINT('Ctrl Pts',(-0.678240812670179,-1.04141421397819,
0.0800832901965135));
#1622=CARTESIAN_POINT('Ctrl Pts',(-0.797443439899307,-1.24787922073474,
0.16143366751905));
#1623=CARTESIAN_POINT('Ctrl Pts',(-0.86023124169497,-1.35663088354039,0.233387436805602));
#1624=CARTESIAN_POINT('Ctrl Pts',(-0.899598022654897,-1.42481614829342,
0.314904629280784));
#1625=CARTESIAN_POINT('Ctrl Pts',(-0.913462429858064,-1.44883000598613,
0.365578635332871));
#1626=CARTESIAN_POINT('Ctrl Pts',(-0.91835717407737,-1.45730795166402,0.392475083206711));
#1627=CARTESIAN_POINT('Ctrl Pts',(-0.254764973081047,-0.574599210698597,
1.24350131515565E-15));
#1628=CARTESIAN_POINT('Ctrl Pts',(-0.274286528377783,-0.608411536315308,
1.36211901092709E-15));
#1629=CARTESIAN_POINT('Ctrl Pts',(-0.318897754028158,-0.685680445729679,
0.00459139479461022));
#1630=CARTESIAN_POINT('Ctrl Pts',(-0.430125773579869,-0.878333026818506,
0.0307262516367301));
#1631=CARTESIAN_POINT('Ctrl Pts',(-0.562770758832254,-1.10808088064486,
0.0800832901965143));
#1632=CARTESIAN_POINT('Ctrl Pts',(-0.681973386061382,-1.3145458874014,0.161433667519051));
#1633=CARTESIAN_POINT('Ctrl Pts',(-0.744761187857046,-1.42329755020706,
0.233387436805604));
#1634=CARTESIAN_POINT('Ctrl Pts',(-0.784127968816972,-1.49148281496008,
0.314904629280784));
#1635=CARTESIAN_POINT('Ctrl Pts',(-0.797992376020139,-1.51549667265279,
0.365578635332871));
#1636=CARTESIAN_POINT('Ctrl Pts',(-0.802887120239445,-1.52397461833069,
0.392475083206712));
#1637=CARTESIAN_POINT('Ctrl Pts',(-0.139294919243122,-0.641265877365264,
1.48612530855336E-15));
#1638=CARTESIAN_POINT('Ctrl Pts',(-0.158816474539858,-0.675078202981975,
1.61116648568111E-15));
#1639=CARTESIAN_POINT('Ctrl Pts',(-0.203427700190233,-0.752347112396345,
0.00459139479461041));
#1640=CARTESIAN_POINT('Ctrl Pts',(-0.314655719741944,-0.944999693485173,
0.0307262516367305));
#1641=CARTESIAN_POINT('Ctrl Pts',(-0.447300704994329,-1.17474754731153,
0.0800832901965149));
#1642=CARTESIAN_POINT('Ctrl Pts',(-0.566503332223457,-1.38121255406807,
0.161433667519051));
#1643=CARTESIAN_POINT('Ctrl Pts',(-0.629291134019121,-1.48996421687373,
0.233387436805606));
#1644=CARTESIAN_POINT('Ctrl Pts',(-0.668657914979046,-1.55814948162675,
0.314904629280783));
#1645=CARTESIAN_POINT('Ctrl Pts',(-0.682522322182214,-1.58216333931946,
0.365578635332871));
#1646=CARTESIAN_POINT('Ctrl Pts',(-0.68741706640152,-1.59064128499735,0.392475083206712));
#1647=CARTESIAN_POINT('',(-0.485705080756898,-0.441265877365264,7.59818219122199E-16));
#1648=CARTESIAN_POINT('',(-0.139294919243122,-0.641265877365264,1.48769019931533E-15));
#1649=CARTESIAN_POINT('Ctrl Pts',(-0.485705080756897,-0.441265877365264,
7.4306265427668E-16));
#1650=CARTESIAN_POINT('Ctrl Pts',(-0.505226636053633,-0.475078202981976,
8.48833387335518E-16));
#1651=CARTESIAN_POINT('Ctrl Pts',(-0.549837861704009,-0.552347112396346,
0.00459139479460979));
#1652=CARTESIAN_POINT('Ctrl Pts',(-0.661065881255719,-0.744999693485172,
0.0307262516367292));
#1653=CARTESIAN_POINT('Ctrl Pts',(-0.793710866508104,-0.974747547311528,
0.0800832901965128));
#1654=CARTESIAN_POINT('Ctrl Pts',(-0.912913493737232,-1.18121255406807,
0.161433667519049));
#1655=CARTESIAN_POINT('Ctrl Pts',(-0.975701295532894,-1.28996421687372,
0.2333874368056));
#1656=CARTESIAN_POINT('Ctrl Pts',(-1.01506807649282,-1.35814948162675,0.314904629280785));
#1657=CARTESIAN_POINT('Ctrl Pts',(-1.02893248369599,-1.38216333931946,0.365578635332871));
#1658=CARTESIAN_POINT('Ctrl Pts',(-1.03382722791529,-1.39064128499735,0.392475083206711));
#1659=CARTESIAN_POINT('Origin',(-0.485705080756898,-0.441265877365264,0.200000000000001));
#1660=CARTESIAN_POINT('',(-0.951627905196302,-1.2482678817003,0.525554515995223));
#1661=CARTESIAN_POINT('',(-0.485705080756898,-0.441265877365264,7.59818219122199E-16));
#1662=CARTESIAN_POINT('Origin',(-0.90445416995072,-1.56656057547217,0.706425740335718));
#1663=CARTESIAN_POINT('',(-1.10115157127874,-1.50725046828906,0.689324760927139));
#1664=CARTESIAN_POINT('Origin',(-0.927946490521852,-1.60725046828906,0.689324760927139));
#1665=CARTESIAN_POINT('',(-1.07765925070761,-1.46656057547217,0.706425740335718));
#1666=CARTESIAN_POINT('',(-1.07765925070761,-1.46656057547217,0.706425740335718));
#1667=CARTESIAN_POINT('Origin',(-0.90445416995072,-1.56656057547217,0.706425740335718));
#1668=CARTESIAN_POINT('Origin',(-0.90445416995072,-1.56656057547217,0.706425740335718));
#1669=CARTESIAN_POINT('Origin',(-0.90445416995072,-1.56656057547217,0.706425740335718));
#1670=CARTESIAN_POINT('Origin',(-0.927946490521852,-1.60725046828906,0.689324760927139));
#1671=CARTESIAN_POINT('',(-1.20940474675179,-1.44475046828907,0.689324760927139));
#1672=CARTESIAN_POINT('Origin',(-0.927946490521852,-1.60725046828906,0.689324760927139));
#1673=CARTESIAN_POINT('Origin',(-0.822231047951758,-1.42414595061303,0.766279168265747));
#1674=CARTESIAN_POINT('',(-1.09194314389613,-1.24130100420458,0.774829657970037));
#1675=CARTESIAN_POINT('Origin',(-0.810484887666192,-1.40380100420458,0.774829657970037));
#1676=CARTESIAN_POINT('',(-1.1036893041817,-1.26164595061303,0.766279168265747));
#1677=CARTESIAN_POINT('Origin',(-0.810484887666192,-1.40380100420458,0.774829657970037));
#1678=CARTESIAN_POINT('Origin',(4.37095678986282E-16,1.425944690754E-17,
0.2));
#1679=CARTESIAN_POINT('',(0.592135964116351,-0.2,-9.45309763095382E-16));
#1680=CARTESIAN_POINT('Origin',(-1.72010808921066E-17,-2.97931460502308E-17,
0.));
#1681=CARTESIAN_POINT('',(0.592135964116351,-0.2,0.199999999999999));
#1682=CARTESIAN_POINT('Origin',(-0.835458630717747,1.44705679602508,0.546583357203867));
#1683=CARTESIAN_POINT('',(-0.898543226454364,1.49201467332861,0.520931888090998));
#1684=CARTESIAN_POINT('',(-0.842850996694536,1.52416859717222,0.520931888090998));
#1685=CARTESIAN_POINT('',(-0.870697111574447,1.50809163525042,0.520931888090998));
#1686=CARTESIAN_POINT('',(-0.854597156980102,1.54451354358067,0.512381398386708));
#1687=CARTESIAN_POINT('',(-0.842850996694538,1.52416859717222,0.520931888090997));
#1688=CARTESIAN_POINT('',(-0.910289386739929,1.51235961973706,0.512381398386708));
#1689=CARTESIAN_POINT('',(-1.0556483526169,1.42843658165887,0.512381398386708));
#1690=CARTESIAN_POINT('',(-0.898543226454363,1.49201467332861,0.520931888090997));
#1691=CARTESIAN_POINT('Origin',(-0.822231047951758,1.42414595061305,0.766279168265742));
#1692=CARTESIAN_POINT('',(-0.593978536720082,1.5288010042046,0.774829657970032));
#1693=CARTESIAN_POINT('Origin',(-0.810484887666192,1.4038010042046,0.774829657970032));
#1694=CARTESIAN_POINT('',(-0.68794781900461,1.69156057547218,0.706425740335712));
#1695=CARTESIAN_POINT('',(-0.605724697005648,1.54914595061305,0.766279168265742));
#1696=CARTESIAN_POINT('Origin',(-0.90445416995072,1.56656057547219,0.706425740335712));
#1697=CARTESIAN_POINT('Origin',(-0.485705080756886,0.441265877365284,3.25246334451353E-16));
#1698=CARTESIAN_POINT('',(-1.04559718748082,1.41102745296791,0.457150598360889));
#1699=CARTESIAN_POINT('',(-0.951627905196287,1.24826788170032,0.525554515995208));
#1700=CARTESIAN_POINT('',(-0.951627905196287,1.24826788170032,0.525554515995208));
#1701=CARTESIAN_POINT('',(-1.03382722791528,1.39064128499737,0.392475083206707));
#1702=CARTESIAN_POINT('',(-1.03382722791528,1.39064128499737,0.392475083206707));
#1703=CARTESIAN_POINT('',(-0.485705080756886,0.441265877365284,3.25246334451353E-16));
#1704=CARTESIAN_POINT('Ctrl Pts',(-0.485705080756886,0.441265877365284,
3.05966975290397E-16));
#1705=CARTESIAN_POINT('Ctrl Pts',(-0.505226636053621,0.475078202981995,
2.59599553078407E-16));
#1706=CARTESIAN_POINT('Ctrl Pts',(-0.549837861703998,0.552347112396367,
0.0045913947946093));
#1707=CARTESIAN_POINT('Ctrl Pts',(-0.661065881255707,0.744999693485193,
0.0307262516367278));
#1708=CARTESIAN_POINT('Ctrl Pts',(-0.793710866508093,0.974747547311547,
0.0800832901965121));
#1709=CARTESIAN_POINT('Ctrl Pts',(-0.912913493737222,1.18121255406809,0.161433667519048));
#1710=CARTESIAN_POINT('Ctrl Pts',(-0.975701295532885,1.28996421687375,0.233387436805603));
#1711=CARTESIAN_POINT('Ctrl Pts',(-1.01506807649281,1.35814948162677,0.314904629280778));
#1712=CARTESIAN_POINT('Ctrl Pts',(-1.02893248369598,1.38216333931948,0.365578635332866));
#1713=CARTESIAN_POINT('Ctrl Pts',(-1.03382722791528,1.39064128499737,0.392475083206707));
#1714=CARTESIAN_POINT('',(-0.485705080756886,0.441265877365284,3.25246334451353E-16));
#1715=CARTESIAN_POINT('',(-0.939857945630755,1.22788171372979,0.460879000841027));
#1716=CARTESIAN_POINT('Ctrl Pts',(-0.485705080756886,0.441265877365285,
0.2));
#1717=CARTESIAN_POINT('Ctrl Pts',(-0.516611549878332,0.494797452166189,
0.2));
#1718=CARTESIAN_POINT('Ctrl Pts',(-0.613561368890482,0.66271946447984,0.216312710997586));
#1719=CARTESIAN_POINT('Ctrl Pts',(-0.771198963572294,0.935755787651686,
0.275750861653752));
#1720=CARTESIAN_POINT('Ctrl Pts',(-0.873879048463642,1.11360291160899,0.346657296616865));
#1721=CARTESIAN_POINT('Ctrl Pts',(-0.91688552725506,1.18809231793036,0.398651718975594));
#1722=CARTESIAN_POINT('Ctrl Pts',(-0.934103453362883,1.21791464075007,0.436433699770625));
#1723=CARTESIAN_POINT('Ctrl Pts',(-0.938343425561893,1.22525848802144,0.452556766162171));
#1724=CARTESIAN_POINT('Ctrl Pts',(-0.939857945630755,1.22788171372979,0.460879000841026));
#1725=CARTESIAN_POINT('',(-0.939857945630755,1.22788171372979,0.460879000841027));
#1726=CARTESIAN_POINT('Origin',(-0.939857945630756,1.22788171372979,0.460879000841027));
#1727=CARTESIAN_POINT('',(-0.766652864873874,1.32788171372979,0.460879000841026));
#1728=CARTESIAN_POINT('',(-0.605217743682514,1.44826788170033,0.525554515995218));
#1729=CARTESIAN_POINT('Origin',(-0.822231047951758,1.42414595061305,0.766279168265742));
#1730=CARTESIAN_POINT('',(-0.59344778411698,1.42788171372979,0.460879000841027));
#1731=CARTESIAN_POINT('',(-0.593447784116981,1.42788171372979,0.460879000841026));
#1732=CARTESIAN_POINT('',(-0.59344778411698,1.42788171372979,0.460879000841027));
#1733=CARTESIAN_POINT('Origin',(-0.687417066401509,1.59064128499738,0.392475083206706));
#1734=CARTESIAN_POINT('',(-0.699187025967042,1.61102745296791,0.457150598360897));
#1735=CARTESIAN_POINT('',(-0.860622147158401,1.49064128499737,0.392475083206706));
#1736=CARTESIAN_POINT('Origin',(-0.916200330236286,1.58690552188063,0.697875250631422));
#1737=CARTESIAN_POINT('',(-0.687417066401508,1.59064128499738,0.392475083206706));
#1738=CARTESIAN_POINT('',(-0.687417066401508,1.59064128499738,0.392475083206706));
#1739=CARTESIAN_POINT('',(-1.03382722791528,1.39064128499738,0.392475083206707));
#1740=CARTESIAN_POINT('Origin',(-0.687417066401509,1.59064128499738,0.392475083206706));
#1741=CARTESIAN_POINT('Origin',(-0.916200330236285,1.58690552188063,0.697875250631423));
#1742=CARTESIAN_POINT('Origin',(-0.687417066401509,1.59064128499738,0.392475083206706));
#1743=CARTESIAN_POINT('Origin',(-0.916200330236286,1.58690552188063,0.697875250631422));
#1744=CARTESIAN_POINT('',(-1.03382722791528,1.39064128499738,0.392475083206707));
#1745=CARTESIAN_POINT('Origin',(-0.939857945630756,1.22788171372979,0.460879000841027));
#1746=CARTESIAN_POINT('Origin',(-0.822231047951758,1.42414595061305,0.766279168265742));
#1747=CARTESIAN_POINT('',(-0.593447784116981,1.42788171372979,0.460879000841026));
#1748=CARTESIAN_POINT('Ctrl Pts',(-0.485705080756886,0.441265877365285,
0.2));
#1749=CARTESIAN_POINT('Ctrl Pts',(-0.516611549878332,0.494797452166189,
0.2));
#1750=CARTESIAN_POINT('Ctrl Pts',(-0.613561368890482,0.66271946447984,0.216312710997586));
#1751=CARTESIAN_POINT('Ctrl Pts',(-0.771198963572294,0.935755787651686,
0.275750861653752));
#1752=CARTESIAN_POINT('Ctrl Pts',(-0.873879048463642,1.11360291160899,0.346657296616865));
#1753=CARTESIAN_POINT('Ctrl Pts',(-0.91688552725506,1.18809231793036,0.398651718975594));
#1754=CARTESIAN_POINT('Ctrl Pts',(-0.934103453362883,1.21791464075007,0.436433699770625));
#1755=CARTESIAN_POINT('Ctrl Pts',(-0.938343425561893,1.22525848802144,0.452556766162171));
#1756=CARTESIAN_POINT('Ctrl Pts',(-0.939857945630755,1.22788171372979,0.460879000841026));
#1757=CARTESIAN_POINT('Ctrl Pts',(-0.37023502691896,0.507932544031951,0.2));
#1758=CARTESIAN_POINT('Ctrl Pts',(-0.401141496040408,0.561464118832856,
0.2));
#1759=CARTESIAN_POINT('Ctrl Pts',(-0.498091315052557,0.729386131146507,
0.216312710997585));
#1760=CARTESIAN_POINT('Ctrl Pts',(-0.655728909734368,1.00242245431835,0.275750861653751));
#1761=CARTESIAN_POINT('Ctrl Pts',(-0.758408994625716,1.18026957827565,0.346657296616864));
#1762=CARTESIAN_POINT('Ctrl Pts',(-0.801415473417133,1.25475898459702,0.398651718975591));
#1763=CARTESIAN_POINT('Ctrl Pts',(-0.818633399524958,1.28458130741674,0.436433699770626));
#1764=CARTESIAN_POINT('Ctrl Pts',(-0.822873371723968,1.29192515468811,0.452556766162171));
#1765=CARTESIAN_POINT('Ctrl Pts',(-0.82438789179283,1.29454838039646,0.460879000841026));
#1766=CARTESIAN_POINT('Ctrl Pts',(-0.254764973081035,0.574599210698618,
0.199999999999999));
#1767=CARTESIAN_POINT('Ctrl Pts',(-0.285671442202483,0.628130785499524,
0.199999999999999));
#1768=CARTESIAN_POINT('Ctrl Pts',(-0.382621261214632,0.796052797813174,
0.216312710997585));
#1769=CARTESIAN_POINT('Ctrl Pts',(-0.540258855896443,1.06908912098502,0.27575086165375));
#1770=CARTESIAN_POINT('Ctrl Pts',(-0.642938940787791,1.24693624494232,0.346657296616862));
#1771=CARTESIAN_POINT('Ctrl Pts',(-0.685945419579207,1.32142565126368,0.398651718975588));
#1772=CARTESIAN_POINT('Ctrl Pts',(-0.703163345687033,1.35124797408341,0.436433699770626));
#1773=CARTESIAN_POINT('Ctrl Pts',(-0.707403317886043,1.35859182135477,0.452556766162171));
#1774=CARTESIAN_POINT('Ctrl Pts',(-0.708917837954905,1.36121504706312,0.460879000841026));
#1775=CARTESIAN_POINT('Ctrl Pts',(-0.13929491924311,0.641265877365284,0.199999999999999));
#1776=CARTESIAN_POINT('Ctrl Pts',(-0.170201388364558,0.694797452166191,
0.199999999999999));
#1777=CARTESIAN_POINT('Ctrl Pts',(-0.267151207376707,0.86271946447984,0.216312710997584));
#1778=CARTESIAN_POINT('Ctrl Pts',(-0.424788802058518,1.13575578765169,0.275750861653749));
#1779=CARTESIAN_POINT('Ctrl Pts',(-0.527468886949865,1.31360291160898,0.346657296616861));
#1780=CARTESIAN_POINT('Ctrl Pts',(-0.57047536574128,1.38809231793035,0.398651718975584));
#1781=CARTESIAN_POINT('Ctrl Pts',(-0.587693291849109,1.41791464075008,0.436433699770627));
#1782=CARTESIAN_POINT('Ctrl Pts',(-0.591933264048118,1.42525848802144,0.45255676616217));
#1783=CARTESIAN_POINT('Ctrl Pts',(-0.59344778411698,1.42788171372979,0.460879000841026));
#1784=CARTESIAN_POINT('Ctrl Pts',(-0.13929491924311,0.641265877365284,0.199999999999999));
#1785=CARTESIAN_POINT('Ctrl Pts',(-0.170201388364558,0.694797452166191,
0.199999999999999));
#1786=CARTESIAN_POINT('Ctrl Pts',(-0.267151207376707,0.86271946447984,0.216312710997584));
#1787=CARTESIAN_POINT('Ctrl Pts',(-0.424788802058518,1.13575578765169,0.275750861653749));
#1788=CARTESIAN_POINT('Ctrl Pts',(-0.527468886949865,1.31360291160898,0.346657296616861));
#1789=CARTESIAN_POINT('Ctrl Pts',(-0.57047536574128,1.38809231793035,0.398651718975584));
#1790=CARTESIAN_POINT('Ctrl Pts',(-0.587693291849109,1.41791464075008,0.436433699770627));
#1791=CARTESIAN_POINT('Ctrl Pts',(-0.591933264048118,1.42525848802144,0.45255676616217));
#1792=CARTESIAN_POINT('Ctrl Pts',(-0.59344778411698,1.42788171372979,0.460879000841026));
#1793=CARTESIAN_POINT('Ctrl Pts',(-0.139294919243111,0.641265877365284,
-1.18015833326296E-15));
#1794=CARTESIAN_POINT('Ctrl Pts',(-0.158816474539846,0.675078202981995,
-1.24692975507733E-15));
#1795=CARTESIAN_POINT('Ctrl Pts',(-0.203427700190221,0.752347112396363,
0.00459139479460693));
#1796=CARTESIAN_POINT('Ctrl Pts',(-0.314655719741933,0.944999693485194,
0.0307262516367262));
#1797=CARTESIAN_POINT('Ctrl Pts',(-0.447300704994316,1.17474754731155,0.0800832901965076));
#1798=CARTESIAN_POINT('Ctrl Pts',(-0.566503332223446,1.38121255406809,0.161433667519044));
#1799=CARTESIAN_POINT('Ctrl Pts',(-0.629291134019107,1.48996421687374,0.233387436805593));
#1800=CARTESIAN_POINT('Ctrl Pts',(-0.668657914979036,1.55814948162678,0.314904629280779));
#1801=CARTESIAN_POINT('Ctrl Pts',(-0.682522322182203,1.58216333931948,0.365578635332865));
#1802=CARTESIAN_POINT('Ctrl Pts',(-0.687417066401508,1.59064128499738,0.392475083206706));
#1803=CARTESIAN_POINT('Ctrl Pts',(-0.254764973081036,0.574599210698617,
-6.79574381481618E-16));
#1804=CARTESIAN_POINT('Ctrl Pts',(-0.274286528377771,0.608411536315328,
-7.39544470095197E-16));
#1805=CARTESIAN_POINT('Ctrl Pts',(-0.318897754028146,0.685680445729698,
0.00459139479460772));
#1806=CARTESIAN_POINT('Ctrl Pts',(-0.430125773579858,0.878333026818527,
0.0307262516367267));
#1807=CARTESIAN_POINT('Ctrl Pts',(-0.562770758832242,1.10808088064488,0.080083290196509));
#1808=CARTESIAN_POINT('Ctrl Pts',(-0.681973386061371,1.31454588740143,0.161433667519045));
#1809=CARTESIAN_POINT('Ctrl Pts',(-0.744761187857033,1.42329755020708,0.233387436805596));
#1810=CARTESIAN_POINT('Ctrl Pts',(-0.784127968816961,1.49148281496011,0.314904629280779));
#1811=CARTESIAN_POINT('Ctrl Pts',(-0.797992376020128,1.51549667265282,0.365578635332865));
#1812=CARTESIAN_POINT('Ctrl Pts',(-0.802887120239433,1.52397461833071,0.392475083206706));
#1813=CARTESIAN_POINT('Ctrl Pts',(-0.370235026918961,0.507932544031951,
-1.94616976490946E-16));
#1814=CARTESIAN_POINT('Ctrl Pts',(-0.389756582215696,0.541744869648661,
-2.47785731903731E-16));
#1815=CARTESIAN_POINT('Ctrl Pts',(-0.434367807866072,0.619013779063032,
0.00459139479460851));
#1816=CARTESIAN_POINT('Ctrl Pts',(-0.545595827417783,0.81166636015186,0.0307262516367273));
#1817=CARTESIAN_POINT('Ctrl Pts',(-0.678240812670167,1.04141421397821,0.0800832901965108));
#1818=CARTESIAN_POINT('Ctrl Pts',(-0.797443439899296,1.24787922073476,0.161433667519046));
#1819=CARTESIAN_POINT('Ctrl Pts',(-0.860231241694959,1.35663088354041,0.2333874368056));
#1820=CARTESIAN_POINT('Ctrl Pts',(-0.899598022654885,1.42481614829344,0.314904629280779));
#1821=CARTESIAN_POINT('Ctrl Pts',(-0.913462429858053,1.44883000598615,0.365578635332866));
#1822=CARTESIAN_POINT('Ctrl Pts',(-0.918357174077358,1.45730795166404,0.392475083206706));
#1823=CARTESIAN_POINT('Ctrl Pts',(-0.485705080756886,0.441265877365284,
3.05966975290397E-16));
#1824=CARTESIAN_POINT('Ctrl Pts',(-0.505226636053621,0.475078202981995,
2.59599553078407E-16));
#1825=CARTESIAN_POINT('Ctrl Pts',(-0.549837861703998,0.552347112396367,
0.0045913947946093));
#1826=CARTESIAN_POINT('Ctrl Pts',(-0.661065881255707,0.744999693485193,
0.0307262516367278));
#1827=CARTESIAN_POINT('Ctrl Pts',(-0.793710866508093,0.974747547311547,
0.0800832901965121));
#1828=CARTESIAN_POINT('Ctrl Pts',(-0.912913493737222,1.18121255406809,0.161433667519048));
#1829=CARTESIAN_POINT('Ctrl Pts',(-0.975701295532885,1.28996421687375,0.233387436805603));
#1830=CARTESIAN_POINT('Ctrl Pts',(-1.01506807649281,1.35814948162677,0.314904629280778));
#1831=CARTESIAN_POINT('Ctrl Pts',(-1.02893248369598,1.38216333931948,0.365578635332866));
#1832=CARTESIAN_POINT('Ctrl Pts',(-1.03382722791528,1.39064128499737,0.392475083206707));
#1833=CARTESIAN_POINT('',(-0.139294919243111,0.641265877365284,-1.17650552089268E-15));
#1834=CARTESIAN_POINT('',(-0.485705080756886,0.441265877365284,3.25246334451353E-16));
#1835=CARTESIAN_POINT('Ctrl Pts',(-0.139294919243111,0.641265877365284,
-1.18015833326296E-15));
#1836=CARTESIAN_POINT('Ctrl Pts',(-0.158816474539846,0.675078202981995,
-1.24692975507733E-15));
#1837=CARTESIAN_POINT('Ctrl Pts',(-0.203427700190221,0.752347112396363,
0.00459139479460693));
#1838=CARTESIAN_POINT('Ctrl Pts',(-0.314655719741933,0.944999693485194,
0.0307262516367262));
#1839=CARTESIAN_POINT('Ctrl Pts',(-0.447300704994316,1.17474754731155,0.0800832901965076));
#1840=CARTESIAN_POINT('Ctrl Pts',(-0.566503332223446,1.38121255406809,0.161433667519044));
#1841=CARTESIAN_POINT('Ctrl Pts',(-0.629291134019107,1.48996421687374,0.233387436805593));
#1842=CARTESIAN_POINT('Ctrl Pts',(-0.668657914979036,1.55814948162678,0.314904629280779));
#1843=CARTESIAN_POINT('Ctrl Pts',(-0.682522322182203,1.58216333931948,0.365578635332865));
#1844=CARTESIAN_POINT('Ctrl Pts',(-0.687417066401508,1.59064128499738,0.392475083206706));
#1845=CARTESIAN_POINT('Origin',(-0.13929491924311,0.641265877365285,0.199999999999999));
#1846=CARTESIAN_POINT('',(-0.605217743682513,1.44826788170033,0.525554515995218));
#1847=CARTESIAN_POINT('',(-0.122862901301281,0.612804787419152,-1.13573801899222E-15));
#1848=CARTESIAN_POINT('',(-0.12286290130128,0.612804787419152,0.2));
#1849=CARTESIAN_POINT('',(-0.139294919243111,0.641265877365284,-1.17650552089268E-15));
#1850=CARTESIAN_POINT('Origin',(-0.90445416995072,1.56656057547219,0.706425740335712));
#1851=CARTESIAN_POINT('',(-0.754741409764964,1.70725046828908,0.689324760927132));
#1852=CARTESIAN_POINT('Origin',(-0.927946490521852,1.60725046828908,0.689324760927133));
#1853=CARTESIAN_POINT('',(-0.731249089193832,1.66656057547218,0.706425740335712));
#1854=CARTESIAN_POINT('',(-0.731249089193832,1.66656057547219,0.706425740335712));
#1855=CARTESIAN_POINT('Origin',(-0.90445416995072,1.56656057547219,0.706425740335712));
#1856=CARTESIAN_POINT('Origin',(-0.90445416995072,1.56656057547219,0.706425740335712));
#1857=CARTESIAN_POINT('Origin',(-0.90445416995072,1.56656057547219,0.706425740335712));
#1858=CARTESIAN_POINT('Origin',(-0.927946490521852,1.60725046828908,0.689324760927133));
#1859=CARTESIAN_POINT('',(-0.646488234291909,1.76975046828908,0.689324760927132));
#1860=CARTESIAN_POINT('Origin',(-0.927946490521852,1.60725046828908,0.689324760927133));
#1861=CARTESIAN_POINT('Origin',(-0.822231047951758,1.42414595061305,0.766279168265742));
#1862=CARTESIAN_POINT('',(-0.529026631436249,1.5663010042046,0.774829657970032));
#1863=CARTESIAN_POINT('Origin',(-0.810484887666192,1.4038010042046,0.774829657970032));
#1864=CARTESIAN_POINT('',(-0.540772791721815,1.58664595061305,0.766279168265742));
#1865=CARTESIAN_POINT('Origin',(-0.810484887666192,1.4038010042046,0.774829657970032));
#1866=CARTESIAN_POINT('Origin',(4.37095678986282E-16,1.425944690754E-17,
0.2));
#1867=CARTESIAN_POINT('',(0.59213596411635,0.2,-1.07687433949839E-15));
#1868=CARTESIAN_POINT('',(0.592135964116351,0.2,0.199999999999999));
#1869=CARTESIAN_POINT('Origin',(-1.72010808921066E-17,-2.97931460502308E-17,
0.));
#1870=CARTESIAN_POINT('Origin',(-1.72010808921066E-17,-2.97931460502308E-17,
0.));
#1871=CARTESIAN_POINT('',(0.624999999999996,0.2,-1.11358344738866E-15));
#1872=CARTESIAN_POINT('',(0.624999999999996,-0.2,-9.82018870985651E-16));
#1873=CARTESIAN_POINT('Origin',(0.624999999999996,0.2,-1.11358344738866E-15));
#1874=CARTESIAN_POINT('Origin',(0.624999999999996,-0.2,0.199999999999999));
#1875=UNCERTAINTY_MEASURE_WITH_UNIT(LENGTH_MEASURE(0.000393700787401575),
#1880,'DISTANCE_ACCURACY_VALUE',
'Maximum model space distance between geometric entities at asserted c
onnectivities');
#1876=UNCERTAINTY_MEASURE_WITH_UNIT(LENGTH_MEASURE(0.000393700787401575),
#1880,'DISTANCE_ACCURACY_VALUE',
'Maximum model space distance between geometric entities at asserted c
onnectivities');
#1877=(
GEOMETRIC_REPRESENTATION_CONTEXT(3)
GLOBAL_UNCERTAINTY_ASSIGNED_CONTEXT((#1875))
GLOBAL_UNIT_ASSIGNED_CONTEXT((#1880,#1884,#1885))
REPRESENTATION_CONTEXT('','3D')
);
#1878=(
GEOMETRIC_REPRESENTATION_CONTEXT(3)
GLOBAL_UNCERTAINTY_ASSIGNED_CONTEXT((#1876))
GLOBAL_UNIT_ASSIGNED_CONTEXT((#1880,#1884,#1885))
REPRESENTATION_CONTEXT('','3D')
);
#1879=DIMENSIONAL_EXPONENTS(1.,0.,0.,0.,0.,0.,0.);
#1880=(
CONVERSION_BASED_UNIT('inch',#1883)
LENGTH_UNIT()
NAMED_UNIT(#1879)
);
#1881=(
LENGTH_UNIT()
NAMED_UNIT(*)
SI_UNIT(.MILLI.,.METRE.)
);
#1882=(
LENGTH_UNIT()
NAMED_UNIT(*)
SI_UNIT($,.METRE.)
);
#1883=LENGTH_MEASURE_WITH_UNIT(LENGTH_MEASURE(25.4),#1881);
#1884=(
NAMED_UNIT(*)
PLANE_ANGLE_UNIT()
SI_UNIT($,.RADIAN.)
);
#1885=(
NAMED_UNIT(*)
SI_UNIT($,.STERADIAN.)
SOLID_ANGLE_UNIT()
);
#1886=SHAPE_DEFINITION_REPRESENTATION(#1887,#1888);
#1887=PRODUCT_DEFINITION_SHAPE('',$,#1890);
#1888=SHAPE_REPRESENTATION('',(#939),#1877);
#1889=PRODUCT_DEFINITION_CONTEXT('part definition',#1894,'design');
#1890=PRODUCT_DEFINITION('platform','platform v1',#1891,#1889);
#1891=PRODUCT_DEFINITION_FORMATION('',$,#1896);
#1892=PRODUCT_RELATED_PRODUCT_CATEGORY('platform v1','platform v1',(#1896));
#1893=APPLICATION_PROTOCOL_DEFINITION('international standard',
'automotive_design',2009,#1894);
#1894=APPLICATION_CONTEXT(
'Core Data for Automotive Mechanical Design Process');
#1895=PRODUCT_CONTEXT('part definition',#1894,'mechanical');
#1896=PRODUCT('platform','platform v1',$,(#1895));
#1897=PRESENTATION_STYLE_ASSIGNMENT((#1899));
#1898=PRESENTATION_STYLE_ASSIGNMENT((#1900));
#1899=SURFACE_STYLE_USAGE(.BOTH.,#1901);
#1900=SURFACE_STYLE_USAGE(.BOTH.,#1902);
#1901=SURFACE_SIDE_STYLE('',(#1903));
#1902=SURFACE_SIDE_STYLE('',(#1904));
#1903=SURFACE_STYLE_FILL_AREA(#1905);
#1904=SURFACE_STYLE_FILL_AREA(#1906);
#1905=FILL_AREA_STYLE('Steel - Satin',(#1907));
#1906=FILL_AREA_STYLE('Plastic - Glossy (White)',(#1908));
#1907=FILL_AREA_STYLE_COLOUR('Steel - Satin',#1909);
#1908=FILL_AREA_STYLE_COLOUR('Plastic - Glossy (White)',#1910);
#1909=COLOUR_RGB('Steel - Satin',0.627450980392157,0.627450980392157,0.627450980392157);
#1910=COLOUR_RGB('Plastic - Glossy (White)',0.964705882352941,0.964705882352941,
0.952941176470588);
ENDSEC;
END-ISO-10303-21;
